real value,Predicted value
317,297.8
328,304.5
341,326.6
341,328.1
331,327.1
308,307.8
287,297.9
285,294.6
312,310.0
322,304.3
313,300.2
305,300.1
302,295.6
298,294.4
294,293.7
299,294.3
320,304.9
355,329.9
367,340.8
363,337.3
361,337.0
350,340.5
333,330.3
337,312.0
334,343.4
334,348.7
344,345.7
341,346.7
328,344.0
307,334.1
291,335.4
297,338.2
325,338.0
332,313.9
321,302.5
309,297.2
304,300.6
306,290.5
306,289.5
311,291.0
333,295.5
369,334.7
379,341.6
376,340.1
371,338.4
358,342.7
339,329.9
341,322.0
340,297.6
344,303.3
353,329.5
348,330.9
334,327.3
312,307.2
297,301.2
302,311.2
327,354.8
327,358.6
311,355.6
300,360.6
290,339.0
284,336.7
278,335.3
280,335.2
301,340.5
343,357.7
361,365.7
360,357.2
355,351.6
344,329.2
326,304.2
328,300.8
327,320.5
334,323.3
347,344.8
345,344.6
330,346.2
307,306.8
292,299.4
296,297.1
330,331.0
333,330.5
317,331.8
307,326.5
299,325.7
295,321.4
293,320.5
298,320.5
318,322.0
350,377.8
363,390.5
358,389.7
348,380.6
331,328.4
308,326.9
301,329.8
295,319.2
307,330.7
326,332.6
333,335.6
330,334.1
317,319.7
328,315.2
344,317.6
382,318.8
387,303.1
374,301.3
369,298.9
345,295.0
360,288.8
360,290.3
363,291.0
381,296.7
399,333.3
404,345.8
392,345.5
378,343.2
357,346.5
331,329.6
319,333.3
311,328.8
322,331.5
341,344.3
346,345.7
341,344.3
325,317.1
328,320.5
346,321.0
402,340.8
426,370.3
425,369.6
424,368.3
395,355.1
411,354.6
408,353.1
397,352.9
400,352.3
409,389.8
413,397.6
401,396.7
389,384.3
369,352.4
342,341.2
329,336.4
324,325.1
336,327.2
357,346.9
364,346.7
360,344.0
345,314.5
346,309.6
364,302.4
409,363.3
417,370.9
403,369.6
396,365.7
373,354.5
391,352.3
393,350.8
398,356.5
410,358.7
427,388.7
434,394.2
421,388.4
404,380.3
379,356.6
348,339.5
337,336.3
331,321.6
342,324.8
359,352.8
366,360.6
361,354.5
350,342.2
363,345.9
380,363.6
420,402.1
417,404.8
404,399.0
403,388.8
374,376.6
393,387.3
390,380.0
397,379.3
413,394.8
438,416.3
444,423.9
428,417.7
412,398.7
385,369.1
359,362.6
350,346.9
343,357.8
353,365.8
371,380.1
376,381.3
366,367.7
354,354.5
370,371.9
384,391.5
419,417.4
418,419.6
402,414.9
395,417.1
369,398.5
387,409.5
389,414.1
391,409.7
408,417.2
429,432.5
437,445.9
421,444.6
403,403.9
380,389.6
351,370.5
339,367.7
331,352.0
339,356.7
357,383.1
364,383.7
360,371.5
342,350.1
336,349.8
347,360.9
385,395.1
384,400.7
371,403.0
366,391.6
346,375.0
345,366.8
340,361.5
342,367.3
357,378.4
384,404.9
395,407.5
387,405.8
374,397.5
355,376.7
330,345.0
324,343.9
321,342.5
333,350.8
350,363.2
353,364.2
343,360.7
320,329.0
304,321.2
304,321.8
321,328.6
320,335.2
314,329.2
307,327.9
300,317.6
297,312.9
300,310.3
305,311.5
323,326.7
355,391.0
367,398.3
362,398.3
352,394.7
335,356.5
312,324.1
306,324.5
303,345.4
314,349.2
335,356.4
342,358.6
339,353.5
321,343.3
310,358.1
319,380.5
350,407.2
355,410.5
345,404.7
343,396.2
333,383.9
335,389.9
331,387.6
337,387.7
355,388.4
388,399.4
404,418.8
398,412.5
384,394.8
366,378.3
341,349.0
335,349.8
332,343.1
344,346.4
361,370.8
365,372.8
363,366.7
355,354.4
372,368.6
384,388.8
423,416.4
424,416.4
409,412.5
399,398.8
368,380.4
383,389.9
380,392.2
380,392.1
395,398.4
424,414.9
438,426.6
427,416.1
410,398.7
386,352.3
361,351.1
355,337.3
349,320.6
357,327.1
373,342.3
376,344.0
366,341.4
353,328.6
365,321.2
383,324.7
428,400.0
432,408.7
414,406.7
412,400.9
389,380.6
408,378.3
407,385.8
405,392.3
420,390.8
436,408.4
438,409.1
420,400.6
402,389.4
377,360.4
351,325.1
340,321.2
331,346.7
343,355.1
362,375.0
368,375.1
363,370.7
354,361.9
363,365.1
373,384.3
420,417.5
438,412.4
432,411.9
428,399.2
395,392.8
411,394.9
409,389.4
408,402.4
420,412.3
432,426.8
435,426.7
418,418.2
400,408.5
374,384.7
349,347.1
339,339.6
330,350.3
341,352.3
360,370.7
369,371.1
366,370.3
357,350.6
370,371.7
380,386.5
413,421.6
410,422.0
397,419.3
395,411.4
366,399.2
383,405.8
379,404.6
374,406.6
389,415.5
413,423.5
424,424.1
405,414.4
390,412.5
365,371.2
343,344.4
334,341.3
325,365.2
335,373.8
355,386.0
361,386.4
357,376.0
341,350.5
335,349.9
344,368.7
389,396.4
403,394.1
399,392.9
387,386.8
369,372.7
379,375.8
380,372.4
378,372.0
386,379.5
400,400.4
412,402.6
400,394.6
386,387.3
365,350.5
339,343.9
335,342.9
333,347.5
343,351.8
359,367.4
362,367.8
351,361.0
327,333.8
315,321.2
318,321.8
334,330.3
329,330.4
313,329.7
305,328.6
301,322.1
298,318.6
294,318.1
296,322.1
314,331.2
360,386.4
382,397.6
380,396.4
373,389.0
354,360.0
329,330.1
324,326.6
325,321.4
338,335.0
354,348.2
354,348.2
347,346.4
335,329.4
352,331.6
369,342.2
409,378.2
420,378.7
408,370.2
405,360.3
380,364.7
395,365.6
393,363.0
393,367.5
409,370.7
429,377.8
439,383.5
425,382.1
405,384.8
380,365.6
355,344.2
346,333.1
340,336.0
351,341.8
370,372.2
375,374.7
366,366.2
356,355.4
375,370.6
387,386.3
421,417.8
419,424.7
402,416.9
394,417.3
366,394.8
379,415.8
375,410.5
375,411.8
388,430.3
413,427.6
429,431.9
416,425.3
401,415.6
378,363.6
354,343.9
350,340.9
345,338.3
356,352.4
373,371.7
375,373.3
368,368.7
357,357.4
372,369.0
384,382.7
418,408.6
421,414.7
407,410.9
407,406.1
382,393.1
394,395.7
389,393.1
393,391.2
410,394.1
423,403.6
427,411.5
410,405.6
392,399.3
367,372.9
342,329.8
333,327.3
326,349.5
338,354.0
359,374.4
366,375.2
362,368.7
347,357.5
355,372.4
365,393.8
410,426.3
425,431.6
420,423.4
415,418.5
388,403.9
402,409.3
399,409.6
394,409.6
403,422.1
417,454.3
423,451.5
407,441.3
390,421.5
367,392.9
338,360.4
327,365.2
320,340.0
331,344.8
352,369.6
360,370.1
357,366.3
345,350.1
354,376.8
366,389.4
408,413.7
417,422.3
409,415.0
399,397.2
379,382.0
393,390.8
392,391.3
393,390.7
402,398.4
420,418.2
431,434.0
416,426.0
400,415.5
377,386.2
351,357.6
346,346.1
342,341.3
359,345.6
379,378.8
379,379.5
370,374.7
352,350.2
348,348.7
360,356.8
385,389.3
374,396.8
357,390.4
348,382.1
329,367.6
331,372.5
326,371.3
324,371.2
335,373.9
360,399.6
379,410.7
374,409.8
363,408.4
341,376.8
320,333.7
316,331.8
313,350.4
325,355.4
344,369.2
350,370.1
342,360.7
320,334.3
304,322.4
304,322.7
321,322.9
320,326.8
306,326.8
296,326.1
290,319.8
286,316.4
282,311.4
285,314.0
300,317.5
342,375.0
366,388.6
362,387.5
354,383.6
335,355.5
310,329.3
304,326.5
304,341.0
315,349.7
335,363.4
342,363.4
341,362.5
329,349.5
340,356.6
355,372.2
402,417.2
418,411.2
415,415.0
419,407.3
398,402.1
419,411.5
417,411.6
413,409.3
422,422.2
428,447.6
424,449.7
405,442.3
385,420.0
358,391.3
330,357.2
317,351.4
309,325.3
322,340.9
343,363.0
350,363.3
344,362.5
330,352.0
338,354.3
351,356.8
388,383.5
392,386.6
374,379.9
368,375.1
341,359.6
359,365.0
357,365.3
358,362.6
370,367.5
389,370.6
399,389.9
388,384.3
373,375.8
352,355.5
331,332.8
323,321.3
316,332.1
330,337.7
355,357.0
364,357.4
362,355.3
353,346.4
364,348.8
374,350.8
411,417.0
421,424.5
408,422.9
408,415.6
388,396.7
394,396.1
394,396.0
394,394.8
407,403.2
425,422.6
442,423.7
429,415.6
413,406.5
389,349.9
359,327.8
353,324.5
351,348.4
364,351.3
383,377.5
387,378.0
380,366.9
369,358.5
389,369.0
401,378.5
429,412.1
429,428.1
419,426.7
414,419.7
392,414.8
410,421.8
408,420.8
413,419.0
429,425.3
447,424.5
454,434.4
439,430.7
419,419.7
391,367.4
357,359.0
348,356.1
343,321.5
354,328.6
372,365.1
380,367.3
374,360.7
364,347.5
379,360.6
396,370.6
440,383.8
453,386.0
439,378.4
436,374.8
413,378.1
416,381.7
408,376.0
405,375.6
418,389.0
430,400.1
438,409.3
422,404.9
404,390.9
379,355.1
350,355.7
339,342.7
334,361.7
345,371.2
362,378.1
366,378.5
359,372.8
341,349.4
335,350.4
346,358.7
379,391.1
383,398.2
372,396.1
364,398.5
351,392.5
361,393.1
359,392.5
358,393.9
373,398.4
395,406.7
411,402.2
402,404.1
391,395.2
372,378.7
351,336.4
351,333.0
349,341.6
360,349.9
374,367.9
373,367.3
359,358.7
330,339.0
317,322.2
321,325.2
336,317.7
337,322.5
327,320.7
319,319.6
322,320.1
310,316.7
310,314.1
308,314.9
327,324.8
361,373.1
387,393.7
385,393.1
384,388.4
368,352.5
340,332.9
338,328.0
341,321.4
352,329.9
368,351.3
370,353.3
362,347.8
353,335.9
372,352.7
389,373.9
419,426.5
422,426.1
408,422.2
401,410.6
387,383.2
407,390.1
405,389.0
403,389.0
417,398.6
433,421.3
448,426.9
434,419.5
416,407.0
393,382.9
364,352.0
355,349.3
354,347.3
368,349.9
385,370.3
387,372.5
379,365.6
366,354.2
382,370.1
396,390.1
430,410.2
428,417.4
411,414.3
409,407.6
383,399.2
401,401.2
397,402.0
395,401.7
408,401.9
421,413.6
437,415.5
427,407.9
412,395.7
386,386.5
357,361.7
353,355.4
354,361.7
367,371.4
383,384.3
386,383.9
378,378.2
368,366.4
389,383.8
401,403.0
427,433.8
425,439.6
410,427.9
401,430.0
379,427.6
396,412.4
399,410.4
402,409.6
414,416.1
428,441.6
441,442.1
426,439.9
410,424.3
384,384.0
352,357.5
342,357.4
340,348.7
353,362.7
371,377.8
375,379.3
370,374.9
362,355.2
375,379.9
382,401.0
412,430.0
422,432.1
415,428.6
415,420.1
393,400.2
401,402.1
399,402.2
405,399.0
423,416.2
440,439.3
452,440.0
435,430.2
416,420.6
391,373.6
361,354.4
355,350.7
350,340.4
359,358.5
377,378.8
379,379.2
373,373.7
364,347.9
383,352.5
391,363.4
415,405.7
418,411.1
404,398.1
400,402.6
369,372.8
389,378.1
387,371.9
384,376.2
398,385.0
414,408.2
434,418.6
424,410.4
408,398.2
386,382.4
363,355.6
362,339.2
359,340.1
368,350.7
383,375.8
383,376.7
372,372.8
353,339.2
350,340.2
360,355.8
392,374.1
390,378.0
372,381.0
361,374.3
342,359.1
348,354.0
350,355.1
350,360.5
359,359.2
374,366.8
390,385.3
382,381.7
369,382.5
349,342.4
324,348.3
318,348.2
315,348.1
328,355.5
344,367.6
349,368.2
340,359.5
314,335.1
298,321.7
298,321.9
321,332.5
325,332.8
312,320.5
304,320.3
307,317.9
299,316.5
307,314.8
312,314.2
330,317.2
367,367.8
394,388.8
395,386.6
389,382.7
372,352.7
350,332.5
350,329.2
349,321.1
358,329.3
371,359.3
372,361.7
364,357.5
357,346.1
385,360.9
403,378.2
435,404.0
441,401.9
434,398.1
434,397.0
415,380.6
432,384.0
433,378.5
434,376.7
448,378.9
465,380.6
485,399.9
471,396.0
454,391.4
425,374.5
393,346.5
388,342.2
381,328.8
385,345.0
393,365.7
394,368.9
384,366.8
374,355.0
399,366.1
409,372.1
435,387.0
435,389.6
422,387.9
420,376.9
393,370.8
406,368.1
402,370.3
402,373.3
417,377.1
430,388.5
446,402.0
434,400.7
416,383.2
392,359.2
367,349.8
362,341.7
358,348.5
367,360.6
381,377.4
381,378.4
372,371.7
351,362.5
342,376.5
348,394.2
372,429.5
365,427.4
349,412.3
348,409.3
332,401.6
335,405.0
328,406.4
330,400.6
342,414.2
370,438.7
399,432.8
396,425.8
387,413.6
367,398.1
340,366.9
334,353.3
331,355.6
346,363.1
365,382.2
370,383.6
364,375.0
352,363.4
367,382.7
376,398.1
407,401.2
411,399.3
396,396.1
392,386.1
366,370.5
381,374.7
380,363.2
379,361.2
389,381.4
405,426.0
423,429.4
411,416.7
395,406.2
373,383.0
349,363.1
343,354.3
336,358.8
349,364.2
368,382.7
373,381.5
368,375.0
360,351.7
374,353.7
382,368.5
408,409.9
415,429.1
406,424.4
404,414.4
383,399.4
404,407.6
402,407.6
400,408.1
409,399.3
427,423.8
446,422.4
437,412.6
421,405.0
398,376.1
372,350.1
370,343.7
365,352.4
374,357.5
386,379.1
385,381.2
372,373.0
353,357.3
352,355.4
361,363.2
384,360.9
376,361.7
359,361.3
352,359.1
334,352.8
336,353.6
334,353.4
332,346.4
344,350.5
361,360.6
384,359.7
379,357.9
368,354.8
351,339.3
327,314.6
325,311.0
325,337.2
337,342.2
354,354.8
355,355.6
343,348.7
320,322.1
305,310.1
302,310.5
311,329.2
311,318.9
307,305.0
298,303.4
293,302.9
293,296.0
294,296.8
297,297.1
311,307.4
341,357.4
363,377.1
362,376.9
352,365.6
335,345.0
310,315.9
302,314.7
300,332.8
312,346.1
335,369.3
344,369.5
340,365.1
331,354.8
344,369.9
357,386.3
401,415.6
412,418.6
402,418.6
392,411.7
371,392.3
392,401.4
394,399.7
392,403.3
407,420.4
416,424.8
421,426.1
405,420.6
386,406.3
361,378.3
333,349.6
322,346.3
317,350.4
329,357.5
349,364.6
355,366.5
353,364.5
340,353.0
348,368.1
356,376.9
389,375.9
392,381.2
381,374.1
379,364.6
353,352.9
372,352.9
369,355.0
369,354.0
379,359.2
392,361.9
408,388.4
395,391.2
378,377.0
356,368.2
335,342.2
328,340.4
321,324.1
334,330.4
357,354.3
364,354.5
356,349.8
344,334.7
354,337.0
358,336.4
384,412.4
392,419.6
389,419.3
385,417.8
362,388.8
381,393.8
378,396.3
378,395.1
389,404.8
397,422.3
415,424.3
406,417.9
391,402.5
367,347.9
340,328.3
330,325.9
324,329.9
336,336.5
356,373.4
362,374.4
360,367.8
349,360.2
361,371.7
363,379.6
390,402.8
393,417.1
389,411.1
392,409.5
370,385.0
384,392.3
382,392.0
380,390.7
395,411.9
408,420.4
429,422.6
417,418.8
402,419.2
380,368.1
349,337.4
339,330.1
340,332.3
354,337.7
371,373.9
374,376.1
368,366.1
357,351.4
373,369.9
379,376.3
406,375.9
411,370.6
396,368.4
386,364.6
362,367.5
375,369.1
372,369.0
369,367.9
381,368.6
391,380.6
414,381.9
408,376.4
394,365.2
373,353.2
349,306.6
348,310.1
346,348.9
357,352.8
374,377.4
376,376.7
367,366.9
348,345.3
345,350.8
348,355.1
369,365.2
366,363.9
354,358.8
345,345.1
334,346.4
345,345.2
345,342.6
349,343.7
360,346.9
374,368.4
388,368.0
378,362.3
364,357.5
345,344.2
321,322.4
311,315.9
305,331.6
313,339.4
331,356.5
339,357.3
332,351.5
306,318.5
283,306.0
281,297.7
303,322.7
308,322.3
301,320.2
303,315.8
303,314.3
298,314.2
290,309.6
295,307.7
305,321.7
329,358.7
345,373.0
339,372.7
327,366.8
311,341.8
290,317.7
282,312.1
282,323.4
297,331.8
320,346.3
330,348.4
327,344.5
314,329.3
319,328.6
323,343.9
352,373.4
360,372.4
362,370.7
366,344.2
350,335.1
373,340.7
368,344.1
358,344.1
365,350.2
373,363.7
390,369.2
384,375.6
370,379.4
349,377.9
325,353.5
314,350.7
316,314.5
332,338.2
354,340.1
363,341.6
360,338.1
343,330.9
349,328.8
350,329.2
381,392.4
381,395.6
378,393.9
374,393.9
350,378.5
368,380.5
360,383.3
360,378.7
368,383.0
374,401.4
395,402.2
389,400.3
376,385.4
355,344.6
334,321.3
326,319.0
321,313.1
335,324.7
358,350.2
360,349.6
352,344.2
341,329.2
351,332.7
354,338.5
393,381.1
401,369.5
384,365.8
379,366.3
352,363.3
366,363.2
363,361.2
362,362.5
374,362.6
385,369.3
398,380.1
385,381.6
371,374.5
348,329.0
326,315.1
318,304.3
311,294.7
325,297.1
347,298.0
354,312.6
345,318.7
330,312.5
335,306.0
346,318.9
393,382.5
414,370.2
412,376.5
412,368.8
385,355.9
402,369.6
399,369.6
394,368.8
400,375.9
404,386.6
408,399.5
394,399.0
376,386.0
354,369.6
326,330.5
316,317.4
310,312.6
329,322.7
353,356.6
360,362.8
358,356.6
348,343.4
357,345.1
352,349.3
375,359.7
384,362.6
375,347.2
374,345.0
353,339.6
369,342.8
364,343.5
366,343.3
375,351.8
385,364.4
409,364.4
403,363.6
390,362.6
368,338.0
343,307.6
338,302.3
334,313.8
343,321.8
360,341.8
365,345.4
358,341.5
342,315.8
338,310.6
340,309.3
364,338.2
360,338.1
350,335.4
343,331.9
329,332.4
332,329.0
326,319.8
324,321.2
332,327.0
350,345.7
372,343.0
366,344.1
353,341.5
335,314.6
311,307.4
302,302.2
297,316.1
308,323.5
328,342.0
336,347.0
330,338.2
307,312.7
286,301.3
287,301.5
315,296.2
330,299.2
331,299.6
332,295.3
329,295.5
321,296.0
319,293.8
314,293.5
325,302.0
348,328.9
369,337.1
367,343.4
357,341.4
340,317.8
315,307.5
307,302.1
306,319.7
321,327.0
336,341.7
343,343.3
341,341.2
333,328.9
346,326.0
351,330.1
381,378.7
388,370.3
384,356.6
385,359.1
356,355.5
369,351.1
365,355.1
361,354.4
370,369.7
378,385.3
400,393.3
397,401.6
385,404.7
364,343.7
343,316.9
338,317.2
335,304.3
348,318.1
365,351.2
371,352.0
363,350.6
352,327.4
366,333.1
372,337.8
408,353.3
421,358.2
417,354.7
421,361.5
403,346.4
423,352.6
420,354.7
417,354.6
424,361.5
429,368.8
432,379.1
415,378.7
396,369.7
369,355.9
345,325.1
333,319.3
323,308.3
334,330.0
354,343.7
360,348.0
358,346.6
344,331.8
349,331.9
348,331.1
375,384.4
383,386.1
374,385.0
375,381.8
351,362.3
368,372.8
370,363.5
370,355.9
376,360.2
383,370.3
404,380.1
399,382.1
384,369.2
363,352.2
342,322.3
333,316.3
327,317.6
340,330.9
362,359.4
370,363.6
365,361.0
355,348.8
367,355.2
364,360.8
383,391.5
388,392.3
379,383.0
383,367.2
360,361.0
377,359.6
374,360.1
370,358.9
380,371.4
390,376.0
415,373.4
410,385.3
393,390.2
369,330.4
340,321.7
327,316.7
322,328.0
341,338.4
364,364.3
369,367.3
364,359.5
355,342.3
367,345.8
365,350.9
396,407.7
414,413.7
410,409.9
404,406.2
385,393.4
406,395.1
404,401.1
401,393.0
411,402.0
418,409.6
425,417.6
412,406.8
392,385.3
367,381.4
339,323.9
327,318.3
318,314.0
329,322.1
348,359.8
354,366.4
347,351.0
327,339.5
317,342.5
322,350.2
369,363.4
390,361.3
388,348.2
388,340.9
373,341.0
381,335.7
381,339.4
376,337.6
380,338.8
387,355.6
393,367.9
384,362.5
361,357.5
339,347.0
312,317.2
305,312.1
298,313.6
310,319.4
331,343.7
337,344.0
329,341.9
307,314.1
287,290.9
282,289.5
294,313.3
299,311.8
289,304.7
290,301.6
281,297.3
279,291.4
270,291.1
267,291.6
279,299.2
304,345.6
332,358.1
342,359.0
335,351.5
321,337.4
297,308.0
289,306.5
289,321.7
305,334.8
326,342.5
336,344.3
334,344.2
322,342.6
327,344.2
338,349.2
388,395.1
410,401.5
410,403.2
415,404.1
400,376.8
420,391.1
417,391.4
413,389.9
418,394.8
418,421.6
424,422.9
412,419.6
394,400.7
370,357.6
340,326.4
329,319.3
324,307.8
338,327.5
357,346.4
365,346.2
364,345.3
358,341.7
372,343.7
374,345.7
408,377.9
424,384.6
427,385.6
415,385.5
399,375.5
423,377.5
424,379.0
420,379.0
432,387.0
447,389.3
467,389.3
461,382.6
444,381.1
419,366.4
391,333.3
384,328.1
378,326.5
383,332.8
394,349.7
391,348.1
380,345.3
370,340.6
389,342.8
390,352.8
414,384.7
419,385.7
419,386.7
413,386.4
388,378.5
397,374.4
392,377.5
387,376.6
396,374.8
405,380.2
426,391.8
426,393.2
414,389.9
391,349.2
366,329.3
357,320.5
349,347.9
359,351.3
373,371.5
376,373.1
369,361.6
358,351.9
370,360.1
374,374.4
400,399.3
407,418.3
393,414.5
389,419.8
360,397.6
380,410.7
375,411.6
371,410.4
379,422.1
392,435.2
415,439.2
411,430.6
398,406.4
377,371.5
355,351.0
351,331.9
350,349.6
363,352.0
378,393.3
381,393.3
373,387.6
363,383.1
379,385.9
378,394.7
395,419.2
394,412.9
380,411.7
375,412.8
353,389.6
365,395.2
361,396.0
357,395.9
362,409.4
369,439.3
390,438.6
388,423.6
373,423.2
354,373.7
334,357.0
328,346.6
321,329.5
334,335.9
352,348.2
356,351.3
352,351.3
333,325.5
324,323.7
328,328.5
356,368.9
353,381.9
340,379.6
329,372.8
317,364.9
321,366.8
312,363.4
312,361.3
321,369.6
333,378.7
354,393.2
356,393.5
346,381.7
330,357.0
309,330.2
300,326.3
299,310.3
312,313.8
332,337.1
339,337.2
333,334.7
311,315.7
291,299.9
285,298.6
300,323.0
311,323.4
313,309.7
306,299.8
306,293.9
303,287.2
299,288.8
304,287.8
314,293.5
336,340.8
351,357.5
345,357.5
340,351.5
323,331.0
299,311.3
289,308.5
287,303.7
301,317.6
324,337.5
335,341.5
328,335.9
310,327.1
316,326.5
329,336.9
373,399.2
387,402.4
382,400.1
383,393.0
356,386.1
372,386.2
373,385.1
368,387.8
365,384.9
362,399.1
378,408.9
373,401.5
358,401.5
337,351.1
318,323.8
309,319.2
304,302.8
317,320.9
340,333.1
349,340.9
346,334.6
328,321.6
327,326.6
324,330.3
351,357.2
359,361.8
352,357.6
348,358.5
323,345.9
343,347.3
339,350.8
336,350.5
341,352.5
339,355.2
353,364.3
352,362.8
340,359.9
320,340.2
301,299.7
295,301.0
291,316.8
307,327.6
330,358.6
342,357.9
338,349.8
319,327.2
309,328.6
309,334.7
346,368.0
357,364.6
355,365.4
362,364.3
342,357.3
367,360.7
372,357.5
372,356.6
378,363.4
376,368.4
375,374.4
361,371.6
345,363.7
323,338.0
298,316.7
288,310.1
283,293.2
298,294.2
323,329.1
333,343.0
330,341.8
313,321.3
307,313.9
315,316.5
354,377.7
372,382.7
373,385.4
373,382.6
348,379.2
362,378.5
357,381.8
352,381.5
357,391.5
355,395.4
361,391.5
354,386.3
339,376.4
318,342.9
297,307.9
285,297.3
282,289.4
295,304.7
319,324.9
330,339.8
327,339.4
310,322.3
304,299.3
296,298.7
323,352.6
337,362.1
335,358.8
331,357.9
311,346.5
331,347.1
336,343.3
331,342.1
331,348.1
331,353.8
343,361.7
338,364.1
325,352.9
310,329.0
292,306.3
281,304.6
275,284.1
288,303.1
311,332.3
323,336.3
319,336.3
304,311.7
283,293.3
271,292.3
289,316.3
299,321.1
291,319.8
283,318.7
276,313.3
281,314.0
282,314.1
278,313.8
276,314.2
286,316.7
305,328.1
308,326.1
299,322.7
286,303.3
267,288.1
260,283.9
258,274.5
270,290.9
296,313.0
311,316.4
309,316.7
288,291.5
262,261.4
243,258.1
247,271.4
250,286.8
249,287.2
251,282.9
254,283.4
253,283.2
251,283.8
251,281.8
258,278.0
282,299.9
308,315.0
311,315.3
303,313.7
290,293.0
271,274.1
264,263.4
264,266.1
277,277.4
306,313.2
322,317.6
322,316.8
310,305.2
309,299.8
299,299.0
326,336.0
343,339.7
348,331.9
350,333.3
331,332.4
346,335.8
339,341.5
334,336.8
343,339.1
347,339.7
364,350.5
363,347.8
352,344.9
333,315.6
315,301.4
305,287.6
297,277.2
315,289.0
342,310.3
355,323.9
355,324.4
344,309.3
343,308.4
331,308.1
353,319.9
363,369.6
363,363.1
368,364.6
349,352.2
361,360.4
358,362.7
354,358.6
360,361.3
365,363.6
384,363.7
384,361.5
372,354.3
352,320.5
332,309.4
324,298.0
321,282.7
334,288.3
357,315.3
366,335.8
360,335.2
349,306.1
352,293.8
342,291.7
362,320.0
372,314.8
366,317.0
368,321.3
347,310.6
359,324.7
354,324.0
349,320.5
353,318.9
359,322.5
377,329.0
380,333.5
370,328.2
349,310.4
325,284.2
316,279.0
313,297.5
332,306.0
357,331.4
368,333.0
365,331.3
351,307.2
352,300.4
340,300.3
361,320.6
367,325.6
362,327.2
361,321.9
338,316.8
350,320.8
346,320.5
341,322.3
346,325.0
350,338.5
368,342.1
372,337.0
362,333.9
343,317.7
319,304.5
310,289.9
306,304.1
325,311.1
351,339.6
362,346.5
358,344.2
347,331.0
346,333.9
332,336.9
349,368.8
354,371.5
348,368.5
347,356.3
322,344.9
337,354.0
335,356.2
332,354.0
332,358.9
337,360.7
352,378.8
350,381.5
338,366.6
319,348.8
297,331.1
287,322.4
280,305.2
293,308.9
316,334.1
328,339.1
324,342.0
305,322.7
285,318.9
269,322.0
281,338.5
286,335.2
284,334.6
288,331.1
277,332.8
280,331.3
282,326.3
281,330.7
283,330.8
289,338.0
304,340.4
308,345.0
297,342.4
287,325.8
270,301.2
264,293.5
261,276.8
275,287.5
300,309.4
313,318.7
309,316.9
285,294.5
258,272.9
249,270.9
261,296.9
270,298.6
271,295.8
267,291.7
262,289.5
257,288.6
251,287.7
252,289.8
259,292.4
274,323.2
294,338.4
298,337.8
291,332.5
276,315.9
263,284.0
256,279.9
253,265.8
269,281.4
297,309.5
313,320.4
309,321.1
290,301.9
281,295.0
277,294.5
307,345.6
316,356.4
319,359.7
322,361.2
302,349.0
319,349.1
319,349.7
318,347.1
321,352.5
320,355.1
331,364.6
328,366.6
315,355.5
296,325.8
281,302.6
275,301.7
270,276.7
282,285.8
308,313.8
323,320.5
316,322.2
300,304.5
285,297.8
275,295.9
302,330.4
318,362.1
315,365.4
320,361.4
303,354.6
318,360.5
321,355.8
326,346.3
327,347.8
329,357.0
335,359.6
326,356.1
311,344.3
293,316.0
273,303.6
263,292.0
260,277.2
275,283.3
301,317.8
319,331.6
316,330.8
296,311.8
282,297.0
280,293.4
314,299.9
331,316.7
327,318.6
329,314.9
307,307.2
324,322.8
335,325.8
331,326.1
331,328.9
332,330.5
336,332.7
325,333.4
311,330.3
294,309.2
277,277.7
269,279.3
262,268.2
273,282.8
300,317.9
318,330.1
316,329.2
298,308.2
278,288.5
271,285.6
304,309.9
319,321.8
319,324.4
325,328.2
305,325.2
326,322.8
319,324.6
318,328.0
328,326.6
328,330.8
335,336.6
330,337.4
316,326.2
299,303.5
281,288.4
272,278.1
265,280.2
276,293.4
300,320.5
317,330.6
316,328.9
296,316.3
278,299.9
274,296.8
304,312.1
331,326.6
338,329.3
344,324.6
324,315.1
345,321.2
348,324.6
344,329.7
348,328.2
345,327.2
344,335.3
330,334.3
316,324.5
297,309.8
281,289.0
271,284.7
262,280.3
272,283.2
294,319.2
311,329.9
308,328.8
287,311.4
265,290.7
257,289.0
280,267.5
290,276.1
298,281.6
303,281.4
290,278.7
300,280.7
293,282.1
295,281.8
299,282.0
303,292.3
313,299.8
303,299.1
289,291.0
274,277.8
256,267.9
248,258.0
244,265.3
254,273.9
280,301.5
298,311.4
295,309.0
271,284.8
244,245.5
240,244.9
251,256.7
258,265.4
267,270.5
271,272.8
269,272.9
259,272.2
264,272.5
266,272.6
267,280.8
280,299.9
295,311.7
296,314.9
285,309.2
269,281.0
249,265.0
241,258.0
237,261.3
248,268.0
274,305.8
293,307.8
294,306.0
276,291.6
265,286.4
272,281.7
310,312.6
332,326.1
340,322.8
345,322.8
324,315.8
342,321.3
338,323.1
333,327.0
339,326.0
339,329.2
344,335.2
332,335.1
316,326.4
297,309.6
277,287.6
265,279.0
257,259.4
271,261.3
298,307.2
318,324.6
318,321.0
303,304.1
292,276.8
296,276.6
336,307.4
354,342.4
354,342.8
356,340.9
335,329.1
356,341.4
355,341.4
351,342.2
357,344.6
356,343.7
365,347.3
355,346.1
341,334.7
321,304.7
295,280.5
282,275.7
274,255.8
291,257.7
319,294.4
336,322.6
337,320.3
327,296.5
326,265.9
325,262.6
365,288.0
380,309.2
372,310.3
361,308.9
344,302.1
354,312.1
350,313.1
341,314.7
346,318.1
347,319.3
365,327.5
369,328.3
354,323.6
334,290.9
311,280.9
299,266.5
290,257.5
301,257.9
324,288.0
341,321.9
341,317.3
329,293.6
323,278.6
317,275.5
351,291.1
358,293.5
354,294.4
349,293.8
328,291.5
348,290.1
351,290.8
346,294.2
353,295.5
357,299.6
370,308.9
364,312.2
347,302.9
325,291.2
304,277.7
294,266.2
285,281.2
294,289.9
319,317.6
336,333.1
337,331.7
320,312.6
315,304.7
320,302.0
361,342.4
378,353.0
373,352.6
373,347.6
349,332.6
373,340.3
374,339.7
370,336.5
372,340.9
372,344.3
376,353.4
364,353.7
346,345.0
326,319.2
305,304.7
294,287.2
283,286.6
291,288.7
315,330.1
329,340.4
324,339.0
299,321.9
275,308.8
268,308.9
290,321.0
298,332.9
291,331.4
291,334.2
281,317.0
284,310.9
274,310.4
275,315.6
280,320.9
287,330.5
302,335.1
309,333.9
302,329.0
288,312.6
269,286.3
261,281.0
257,273.5
272,284.8
300,301.2
316,317.3
315,314.7
292,292.8
260,265.6
241,258.5
251,273.8
255,278.7
255,278.5
257,276.7
257,274.9
259,276.5
257,277.8
261,279.5
268,285.4
287,321.3
309,330.3
311,329.5
302,324.7
287,295.3
268,277.7
260,273.2
256,269.6
268,283.1
296,315.3
315,322.8
313,322.1
298,311.1
296,305.4
302,304.5
338,359.7
354,365.5
350,367.2
352,361.7
333,356.1
349,361.3
348,364.1
345,370.0
349,372.4
347,376.6
354,378.8
348,368.5
332,363.5
311,317.6
292,298.9
284,295.7
275,278.0
285,285.5
311,312.1
328,322.3
326,324.4
308,309.2
299,307.0
303,307.0
329,321.8
339,361.2
339,361.4
338,362.7
314,345.9
334,355.5
335,353.6
331,348.7
334,348.8
338,348.4
346,356.8
345,355.4
330,342.4
312,312.5
295,294.5
286,290.6
279,274.5
289,282.1
316,313.2
333,328.2
332,328.7
318,307.2
305,294.5
300,291.7
330,308.1
342,322.6
328,326.0
331,327.0
313,315.4
328,325.6
337,328.3
323,328.2
330,328.1
331,329.0
343,338.4
345,340.5
334,326.2
315,311.5
297,276.4
285,278.3
276,279.1
288,284.9
312,316.7
331,335.3
330,334.1
314,312.0
300,297.2
286,294.4
304,337.4
312,347.7
317,345.8
319,341.5
299,327.5
321,333.8
321,331.6
321,334.8
327,336.5
325,337.3
337,347.3
335,346.6
319,337.7
302,307.4
285,301.4
280,327.9
272,283.0
282,285.5
308,315.9
325,331.0
327,330.0
311,311.4
295,285.4
280,284.9
302,330.5
315,332.2
321,328.9
327,323.3
303,314.5
323,321.6
323,322.1
319,322.9
325,325.5
325,328.4
332,337.6
335,342.1
323,334.7
305,315.5
288,297.0
277,291.4
269,272.4
283,281.8
309,314.4
329,326.3
329,326.0
310,307.8
284,290.3
262,287.3
280,318.3
291,305.9
290,304.5
291,306.5
286,297.0
297,300.2
292,301.0
288,300.6
292,300.8
298,306.3
312,324.2
315,322.2
303,320.5
286,304.1
266,275.1
257,274.1
250,263.6
260,271.7
287,296.3
307,310.2
304,309.1
277,283.1
248,258.0
236,252.5
243,264.2
245,265.7
244,267.9
251,273.0
255,274.4
255,273.4
256,272.6
256,272.4
267,273.2
283,292.5
297,306.1
297,305.4
293,303.4
277,288.4
259,267.9
250,263.9
246,253.9
257,260.5
283,292.1
299,300.0
297,300.2
280,286.6
268,280.9
274,278.5
312,309.7
338,327.8
334,328.2
339,325.4
318,316.9
344,321.2
348,323.6
348,323.9
350,332.5
345,333.0
345,338.1
332,334.7
314,320.4
296,310.4
275,275.4
263,273.6
255,261.5
264,270.3
290,298.7
310,306.7
311,306.6
295,288.9
282,279.7
277,275.9
308,311.9
323,334.3
322,329.9
322,329.9
298,326.5
321,330.6
327,327.7
325,330.6
322,330.3
319,332.2
328,338.5
333,337.5
319,332.6
299,307.2
284,281.5
275,279.7
266,252.7
276,255.1
303,297.8
323,323.1
325,318.7
311,295.6
292,264.6
275,263.8
299,297.8
319,322.6
321,322.9
326,320.4
304,313.7
324,325.6
326,325.9
326,326.2
328,328.0
324,328.3
330,334.7
331,334.2
318,323.6
299,300.4
285,272.4
274,267.7
264,255.8
274,255.8
298,289.1
318,322.7
323,318.4
307,294.0
288,278.1
270,276.3
291,293.1
309,283.4
313,285.7
317,286.5
299,284.2
321,285.5
325,285.8
321,285.8
326,289.5
324,289.5
333,299.2
332,304.0
317,300.8
295,291.4
275,268.2
262,252.4
258,250.0
271,252.0
295,292.1
317,319.8
320,319.0
304,299.0
281,277.3
263,275.5
291,301.7
309,324.8
312,326.4
317,324.4
299,320.6
320,326.0
326,339.3
324,326.8
327,327.5
323,327.5
330,332.6
326,330.2
312,318.1
291,295.8
272,276.6
260,267.7
252,267.5
260,274.1
285,302.2
307,323.4
311,323.3
293,301.9
264,274.5
247,267.9
263,300.7
273,296.6
278,301.6
284,307.5
276,304.7
285,305.3
288,305.0
286,303.5
287,309.4
290,317.3
299,316.3
305,318.0
289,311.6
273,287.5
253,274.4
244,266.7
236,258.7
244,265.3
269,289.5
292,303.4
293,303.4
273,281.2
241,244.0
220,241.0
226,246.1
234,253.6
239,256.2
244,255.4
247,257.7
247,258.1
246,257.0
248,257.5
261,269.9
276,279.9
286,288.2
293,293.9
283,285.8
268,273.4
249,254.6
240,245.5
233,240.3
243,245.5
269,271.6
292,289.5
295,292.6
281,278.3
259,258.2
248,256.1
276,288.0
296,313.7
303,310.4
311,308.3
292,307.7
315,307.4
321,309.5
321,312.4
325,310.1
322,314.1
325,318.2
322,322.5
307,312.1
286,295.3
270,271.2
259,262.0
249,254.1
254,256.8
279,295.1
302,324.1
307,316.3
290,295.3
266,274.1
259,265.9
292,288.1
307,308.1
314,307.7
320,308.6
301,301.3
325,311.7
328,313.3
327,310.6
330,310.8
326,313.9
330,317.0
324,317.7
308,310.2
289,295.1
268,274.9
257,252.9
249,253.2
258,253.6
281,282.6
302,324.5
305,319.1
286,296.8
261,270.4
256,261.3
279,276.5
292,279.0
291,280.5
293,283.4
283,267.8
296,281.5
298,284.5
297,276.1
301,284.6
308,290.6
316,295.4
316,301.8
303,297.8
288,286.7
268,265.0
258,237.4
249,253.9
255,254.8
278,279.0
300,298.4
303,299.9
285,282.0
263,261.7
258,255.4
291,281.8
308,264.7
308,263.6
319,264.2
300,275.1
319,269.1
324,262.6
317,263.9
320,264.7
315,272.7
320,288.6
319,297.9
305,293.4
286,290.2
267,261.9
255,239.0
247,247.1
252,248.2
274,277.0
297,300.1
302,297.8
286,281.6
265,261.4
253,258.9
283,283.2
303,291.5
311,292.1
318,293.1
308,291.8
324,293.8
325,293.3
323,293.6
329,296.1
323,299.5
315,306.1
315,311.8
299,301.8
280,288.4
259,260.6
247,248.8
236,253.1
240,253.8
263,275.0
286,292.5
288,292.0
270,276.7
241,227.2
229,224.1
251,253.0
269,256.8
277,259.3
286,260.6
281,257.5
289,258.5
289,257.6
289,256.6
293,258.0
296,268.3
297,278.0
300,285.5
286,283.3
271,275.0
252,247.3
243,243.4
232,235.6
235,235.6
255,256.3
277,279.0
281,285.0
261,260.1
228,219.3
214,213.8
224,219.4
234,222.9
238,226.8
250,229.3
250,226.8
251,224.6
250,226.0
250,226.0
256,237.4
269,253.1
281,275.4
280,280.2
271,273.4
256,265.2
240,239.6
230,234.4
223,231.3
229,234.7
252,257.7
275,273.9
278,278.0
258,266.6
229,237.6
219,239.0
228,275.2
236,281.9
237,283.8
254,292.4
252,283.3
253,283.1
251,281.9
248,281.9
255,283.0
268,286.6
273,295.2
278,305.6
270,299.6
253,285.6
234,262.1
224,249.2
218,256.2
223,259.0
243,279.9
268,301.9
272,299.1
255,284.3
224,256.6
207,255.9
217,286.8
231,287.8
239,312.6
244,312.6
246,325.2
244,329.6
243,291.5
245,291.3
250,286.0
259,295.9
264,302.6
272,304.2
260,298.1
246,286.0
230,267.5
222,240.7
213,251.8
218,253.2
240,273.0
264,296.0
269,297.6
252,287.6
219,260.0
204,256.2
218,277.0
234,270.4
240,269.2
247,270.4
245,266.1
247,267.3
248,269.2
250,269.1
254,269.7
266,277.0
276,286.9
277,297.0
266,294.2
256,282.5
239,265.2
229,238.2
222,249.5
228,249.5
252,275.3
279,297.8
286,306.2
273,289.3
257,267.1
247,264.9
275,287.7
295,298.3
312,295.6
317,311.8
294,287.1
315,296.2
320,299.8
318,319.4
321,299.4
313,311.5
318,317.0
315,312.3
300,307.2
282,297.5
259,276.6
247,263.8
236,248.0
241,247.5
264,274.8
288,297.3
295,306.8
280,287.5
258,267.1
250,265.6
282,283.5
303,293.3
314,300.8
323,301.4
303,278.2
327,289.5
329,310.9
326,313.8
329,312.0
319,303.8
314,310.5
314,310.5
299,307.4
280,289.7
259,270.1
248,261.4
237,250.3
240,250.1
261,276.4
284,299.2
290,302.5
276,274.9
259,246.6
256,240.8
289,287.5
309,292.2
307,294.3
312,297.8
298,297.8
308,303.8
308,303.8
302,303.8
296,304.4
290,297.4
293,305.3
298,308.7
286,307.2
270,275.3
250,254.8
240,248.4
231,223.2
236,226.1
255,248.4
281,273.0
285,278.0
264,257.9
230,215.4
209,208.0
220,214.6
230,220.0
238,224.3
245,225.3
250,223.2
249,221.6
249,222.0
248,222.8
256,233.8
268,251.3
279,269.5
288,272.4
278,266.1
263,255.9
245,237.3
235,234.5
226,223.1
231,224.7
255,252.9
280,273.7
285,272.0
267,262.6
250,245.3
244,245.9
277,285.0
297,320.3
308,323.3
317,322.8
299,321.1
320,321.5
323,327.9
320,322.6
322,319.1
318,320.9
323,322.8
319,321.5
303,312.0
283,293.0
270,272.7
260,268.0
249,244.7
252,245.3
273,281.5
298,303.5
304,309.6
287,289.1
270,267.6
270,266.1
309,291.2
334,339.2
339,339.9
347,339.4
327,335.1
349,336.4
348,335.3
343,343.9
339,336.8
327,329.2
321,331.7
314,334.3
300,322.0
283,293.5
263,278.5
250,268.0
247,251.6
255,254.8
279,273.8
305,305.5
311,308.6
295,293.0
273,265.6
260,262.5
285,301.7
306,326.9
316,331.8
323,332.5
303,315.5
327,323.5
329,325.4
329,332.7
333,331.5
325,326.9
319,328.1
320,327.0
306,312.9
287,295.3
271,275.4
261,263.5
249,255.2
251,259.0
272,279.4
298,305.1
303,310.1
288,290.7
267,272.5
257,269.9
290,308.0
316,333.4
326,334.6
332,334.6
311,330.1
324,338.8
331,338.9
329,338.5
330,337.9
321,334.9
324,334.9
322,334.7
307,317.5
287,295.5
271,282.6
263,268.3
252,254.3
255,254.9
275,276.0
301,304.0
304,309.1
289,293.2
268,267.2
263,265.4
293,309.7
318,326.3
328,329.0
339,331.1
322,320.3
343,323.6
351,327.5
345,328.2
346,330.4
339,326.5
336,331.6
332,328.1
316,317.8
295,294.5
278,270.0
268,267.7
256,251.4
258,252.4
276,277.2
298,302.0
302,305.1
285,283.7
264,251.5
265,241.1
296,277.0
314,284.8
313,288.2
319,289.8
303,288.4
308,291.5
311,291.9
303,293.4
302,294.0
296,296.8
299,299.3
301,297.3
288,293.0
271,273.9
252,253.3
241,248.6
232,236.8
234,237.5
254,255.5
277,276.8
282,285.0
262,262.2
228,226.8
212,219.8
221,225.6
233,227.6
246,231.1
258,237.7
259,237.2
257,236.5
259,238.2
260,236.1
270,243.3
275,259.5
283,275.1
291,282.1
281,279.7
264,265.2
244,252.1
235,246.6
226,232.6
230,234.2
253,258.6
279,282.1
287,290.4
274,277.5
250,263.8
247,269.1
287,312.2
310,331.7
318,332.7
325,343.4
308,342.0
338,343.8
338,357.1
338,342.7
339,341.6
328,334.2
328,333.7
321,331.1
306,321.5
287,304.5
271,283.1
262,276.2
252,248.2
255,248.8
275,279.1
299,298.4
305,311.2
292,291.2
276,277.9
275,279.0
304,299.6
322,326.8
324,329.0
333,329.9
321,329.4
344,339.1
347,340.2
347,341.7
353,341.0
338,334.5
332,335.8
328,333.2
313,314.7
291,295.2
274,278.1
263,263.5
249,252.4
250,255.2
269,276.1
294,306.0
302,307.6
288,291.0
267,271.7
258,270.0
292,303.3
315,331.5
328,338.0
337,334.7
319,317.7
341,331.5
345,332.7
343,335.2
348,335.6
337,336.5
332,335.6
329,333.4
308,315.9
288,296.1
270,276.8
260,267.1
247,256.4
248,256.2
269,283.2
294,304.1
302,310.2
287,293.5
267,274.5
256,272.1
289,315.8
308,331.7
318,336.7
327,337.1
308,334.1
329,340.4
331,339.0
330,340.3
334,338.8
328,333.0
323,332.9
323,331.1
308,319.5
287,305.4
270,286.6
259,271.0
247,258.2
248,258.3
270,279.2
298,304.9
305,308.2
291,295.1
268,276.6
257,276.3
292,313.7
306,325.0
317,328.3
328,345.4
312,338.6
336,349.2
335,349.6
336,349.7
341,346.8
324,337.1
321,330.2
323,326.7
308,315.4
288,301.8
269,283.4
260,269.9
246,254.1
248,254.0
267,274.5
291,299.2
297,304.3
280,286.8
249,249.2
241,243.0
262,278.5
278,295.2
279,299.0
285,300.2
279,296.4
287,301.4
287,299.9
283,300.3
286,301.0
287,303.1
293,305.3
294,302.6
288,290.6
273,276.5
253,257.4
243,251.4
232,236.2
236,236.1
255,253.0
276,276.8
284,281.6
265,262.2
234,228.7
215,218.5
218,226.6
229,231.3
234,236.4
245,238.1
247,240.6
247,238.6
250,237.8
254,237.6
260,245.5
267,268.8
273,286.1
280,289.6
270,281.9
254,266.2
241,246.0
233,239.2
223,229.9
226,232.0
245,256.9
274,281.7
278,289.6
265,279.2
246,266.9
245,270.6
288,310.8
309,333.5
320,331.9
330,331.5
314,327.1
342,338.3
337,340.0
342,338.4
345,338.9
328,334.0
325,331.8
324,332.4
311,320.2
289,291.8
267,282.7
255,269.0
242,256.3
240,258.2
257,280.9
282,303.2
291,309.5
278,288.8
261,270.8
260,271.0
302,317.3
330,334.8
343,334.8
354,336.2
335,333.3
360,335.7
362,341.3
360,340.6
361,340.9
348,337.8
338,339.6
333,341.8
317,322.5
294,301.0
276,283.0
264,276.8
249,253.3
246,253.5
264,274.9
287,297.4
297,309.5
285,293.3
267,270.8
265,268.3
303,305.1
329,329.4
344,329.7
357,331.9
339,320.4
365,335.1
366,334.9
362,323.1
366,330.7
349,328.5
341,328.6
337,329.2
321,316.9
297,298.0
278,277.3
265,265.7
250,259.9
247,261.0
265,278.1
289,303.2
299,308.4
286,293.5
267,280.8
266,281.3
298,316.9
331,332.5
343,341.7
358,346.8
339,347.8
356,343.6
352,350.4
351,350.0
350,350.7
341,345.3
339,343.8
337,340.4
322,329.1
298,303.7
274,283.2
261,269.8
252,258.9
252,258.8
266,278.0
289,308.3
300,312.8
290,295.6
272,281.8
269,282.5
304,324.6
330,349.1
342,359.0
355,359.9
343,351.5
363,365.6
367,362.9
362,359.6
363,367.2
352,355.2
342,354.5
336,349.5
321,334.9
298,304.0
273,287.6
261,275.5
246,256.6
247,256.5
264,275.4
286,298.5
296,304.9
283,287.1
257,258.3
251,256.2
286,289.1
311,307.9
322,314.0
334,314.0
323,311.7
334,311.6
323,311.3
317,311.0
318,306.0
312,312.3
314,315.3
312,313.1
298,301.0
280,279.4
259,258.8
249,251.3
235,233.1
232,233.3
246,254.7
268,277.9
276,281.3
262,269.1
235,234.6
225,227.2
244,233.6
257,238.6
264,248.7
265,253.9
271,256.7
269,257.9
269,257.7
268,258.5
279,262.3
289,284.3
296,291.4
299,291.4
289,283.2
271,270.3
252,250.7
241,242.3
232,235.3
232,234.9
251,252.8
275,278.5
282,284.6
272,279.6
256,266.4
259,270.6
302,319.9
336,354.8
351,360.1
361,374.0
346,367.6
367,371.8
371,376.9
369,371.4
363,366.1
349,364.0
343,357.9
341,360.6
326,329.7
306,297.0
285,285.7
271,280.6
255,256.4
252,254.6
266,276.9
289,300.8
301,307.6
290,292.3
274,276.7
277,277.7
325,317.1
352,356.2
361,354.3
374,358.2
355,347.7
385,362.2
385,367.1
383,359.2
378,359.3
365,349.5
361,347.0
352,342.4
333,337.8
312,304.2
296,285.2
286,277.7
270,250.3
268,249.5
283,280.0
303,300.2
312,304.8
305,294.1
295,275.3
293,273.3
333,314.5
360,352.7
368,347.2
367,346.5
343,341.8
362,350.4
364,355.2
354,352.5
355,358.7
345,354.5
341,354.4
338,348.5
324,328.1
302,303.2
281,290.2
267,269.6
257,255.9
256,256.2
272,277.6
297,298.5
310,309.7
298,295.3
278,284.4
270,286.2
307,330.4
336,348.9
345,352.0
353,352.2
334,346.9
355,357.2
357,353.5
355,353.3
357,360.1
343,358.1
337,362.7
336,352.0
322,329.0
301,305.4
281,289.7
272,279.3
257,261.7
255,259.6
272,285.5
298,301.2
310,314.0
299,299.2
282,286.5
282,287.8
321,324.7
345,365.9
347,370.5
348,386.0
327,380.8
347,376.6
348,367.1
347,363.4
347,363.9
335,358.2
332,358.1
324,345.7
311,339.7
292,311.6
272,292.6
260,283.6
249,256.2
250,255.5
270,270.2
295,296.1
303,303.5
287,286.9
261,256.4
252,253.2
278,291.4
297,300.9
305,301.1
311,303.1
302,305.5
314,309.9
310,309.9
307,310.0
303,308.7
305,310.4
304,311.6
304,311.4
291,306.2
274,284.6
255,260.0
246,253.7
235,238.3
233,238.4
253,255.0
279,276.1
288,281.9
268,265.5
234,236.2
219,229.2
232,245.5
249,266.7
263,272.3
265,271.4
272,273.1
265,272.1
256,272.4
260,272.3
267,275.5
279,295.5
289,308.5
296,309.5
289,298.5
271,277.1
252,259.3
243,245.0
235,233.3
238,234.2
258,256.6
285,281.3
295,291.7
285,277.3
269,263.1
269,267.5
310,311.1
329,341.0
343,351.4
346,353.5
329,342.9
350,353.4
353,357.8
351,357.3
354,357.2
346,349.6
343,348.1
334,345.8
319,327.5
300,298.5
279,284.0
268,266.3
257,252.7
258,252.4
283,281.2
304,301.8
312,304.9
303,291.3
288,271.8
286,272.4
329,314.4
354,338.3
355,343.8
360,344.9
332,336.3
353,359.2
355,360.4
349,362.8
357,358.9
348,357.4
342,349.0
336,342.2
319,333.2
299,301.1
278,281.2
266,279.3
253,252.7
255,254.8
278,276.5
302,305.0
308,307.6
296,292.5
268,281.1
268,279.6
308,311.1
337,334.3
343,331.9
355,338.6
340,332.0
357,341.8
355,342.7
350,342.2
353,342.2
336,339.4
333,338.2
335,337.7
323,329.2
303,306.2
286,294.6
277,277.5
263,258.6
261,258.2
279,277.6
302,299.9
311,308.8
299,296.4
284,283.6
290,283.3
327,308.8
349,333.5
351,335.9
357,336.4
334,325.9
363,339.7
361,342.5
356,342.7
356,344.0
349,342.5
346,342.9
338,341.5
323,335.9
303,303.0
287,289.9
275,273.9
261,258.9
260,258.9
278,275.1
302,297.4
306,303.9
296,297.6
278,281.2
280,281.7
319,308.5
358,336.5
364,349.0
381,344.6
365,334.7
392,352.1
394,353.3
391,355.8
389,351.5
375,351.1
362,348.6
354,346.6
337,336.3
314,299.5
289,290.8
273,269.8
256,261.7
251,261.7
264,272.6
285,299.1
293,300.6
277,284.0
256,259.6
255,256.9
281,299.1
309,323.3
320,325.7
333,324.0
325,323.1
317,324.3
323,323.0
318,325.4
317,326.3
316,328.1
318,329.4
316,329.2
299,320.3
279,300.9
259,262.8
249,256.0
237,236.7
236,237.9
251,254.9
274,274.0
282,282.5
267,267.6
239,234.3
231,226.5
246,241.6
254,263.2
266,266.1
266,266.4
265,269.4
266,269.6
274,269.6
273,271.2
279,274.5
286,291.2
294,303.3
299,303.5
291,295.1
274,276.8
256,259.2
244,245.8
235,238.8
235,237.7
253,252.1
277,272.8
288,281.9
279,279.7
262,263.7
262,268.8
305,311.0
339,351.7
355,356.2
362,361.2
345,357.9
371,362.8
378,364.0
376,364.2
372,367.6
361,367.2
356,362.1
350,354.8
332,340.7
309,321.9
293,291.2
283,274.4
265,251.1
262,249.9
277,281.5
300,302.1
311,308.7
300,294.9
285,278.7
292,277.9
336,319.5
356,361.3
367,359.5
373,358.9
350,347.1
367,362.3
368,366.7
369,363.2
366,371.0
352,367.1
347,365.3
343,353.8
328,337.2
305,315.5
288,288.8
277,273.9
263,252.3
261,252.4
275,277.1
299,299.9
310,308.8
301,295.0
283,280.4
281,277.9
323,316.3
349,344.8
353,348.9
360,350.7
337,343.3
367,346.7
372,349.0
371,350.4
366,352.2
355,352.0
350,348.3
345,349.7
330,343.6
310,307.2
288,289.0
275,280.6
265,265.8
266,263.5
278,279.5
303,301.6
313,311.9
302,296.5
288,286.5
288,288.4
326,338.1
350,368.2
355,369.9
356,370.5
334,370.8
354,375.2
359,375.8
355,374.7
356,372.3
346,368.8
344,369.0
336,363.5
320,352.3
300,331.5
286,298.4
274,291.5
259,259.8
257,257.5
273,276.1
296,301.6
308,307.4
298,296.3
283,279.8
283,279.3
321,315.5
342,345.1
345,359.0
353,359.0
329,358.0
347,366.3
351,366.1
348,367.3
346,368.8
336,357.5
333,353.6
329,349.2
313,338.0
294,304.1
279,293.2
271,265.7
257,259.8
258,259.5
274,271.6
297,295.0
305,301.8
291,285.8
264,265.7
259,262.1
284,287.5
313,308.1
324,307.0
330,310.4
322,310.1
332,315.2
322,314.8
321,314.1
323,318.3
316,317.2
314,318.2
313,317.1
303,311.5
285,285.0
267,264.8
255,255.7
241,236.9
240,237.5
255,254.3
278,278.5
286,287.0
272,270.4
242,238.8
235,229.2
245,242.7
258,261.3
269,265.9
280,267.2
288,270.6
294,270.6
294,269.5
293,270.3
298,276.5
304,292.7
310,303.5
311,305.0
304,295.8
285,277.2
266,259.3
256,246.1
244,232.6
242,233.1
257,253.2
279,279.9
289,290.6
276,277.5
261,260.0
264,262.3
311,304.8
344,341.2
351,349.6
357,354.1
336,345.0
360,356.9
360,363.6
359,363.8
365,362.7
353,357.1
353,353.8
346,350.4
329,335.8
308,301.1
293,290.0
280,265.7
263,257.7
258,257.4
273,275.8
297,295.4
306,306.4
290,296.3
272,283.4
275,281.6
325,315.7
357,346.9
367,353.7
371,355.4
356,343.7
375,359.4
378,360.9
377,359.2
375,359.3
364,357.6
360,358.3
353,353.0
335,332.2
313,309.3
291,297.4
278,282.8
261,261.8
261,261.2
278,275.5
299,301.4
308,311.8
296,300.9
280,282.6
283,285.3
325,325.5
353,352.6
359,353.9
371,354.1
348,347.2
383,358.5
380,361.2
383,360.5
377,359.6
360,354.9
357,358.4
352,355.8
336,338.8
313,305.6
291,296.6
276,281.5
259,265.5
253,263.5
272,279.4
297,300.2
306,310.6
297,296.2
282,283.0
285,282.9
335,326.7
364,352.8
370,360.4
383,361.0
371,357.0
393,366.5
390,368.0
389,364.1
386,360.8
369,354.4
364,352.1
357,347.0
343,328.2
320,318.9
297,300.5
281,287.6
263,262.4
259,259.2
275,279.9
298,299.8
308,309.8
301,298.1
291,277.7
296,278.2
340,319.2
368,387.1
375,391.8
380,392.5
354,376.3
375,358.6
381,363.7
381,360.2
378,362.9
367,366.8
362,371.3
353,372.2
337,347.6
316,322.9
298,300.3
284,285.9
265,261.2
257,260.2
270,272.3
289,295.2
297,303.0
286,284.1
267,266.3
267,261.2
302,289.7
319,312.1
326,323.3
329,323.2
318,323.4
319,322.1
316,323.2
313,320.8
312,323.6
308,321.2
305,322.3
306,317.4
297,307.0
280,286.7
261,263.3
251,257.0
237,247.7
234,244.3
247,254.2
272,273.9
281,282.0
268,269.6
237,243.1
225,238.6
236,262.0
250,276.8
267,274.7
280,279.3
284,289.4
284,292.7
283,293.1
282,293.5
288,302.6
298,304.5
301,318.3
302,318.0
295,301.1
278,286.7
259,262.4
247,253.4
233,239.8
228,237.0
241,255.3
266,274.4
279,281.7
269,276.7
255,262.5
258,262.5
306,352.0
337,393.8
346,398.7
358,395.4
340,388.9
357,398.4
364,403.2
361,390.9
362,407.1
352,398.2
343,398.0
338,398.0
324,376.3
303,330.8
282,320.0
269,302.7
252,264.4
251,264.4
267,276.6
290,294.2
302,301.1
290,296.9
274,276.3
280,282.2
321,337.4
343,367.2
344,369.7
347,373.2
338,370.0
372,379.4
372,375.1
364,372.0
366,370.5
354,362.6
348,362.1
337,356.1
321,337.2
301,305.7
283,292.6
271,288.6
256,249.4
254,247.8
267,274.3
288,300.8
301,305.8
294,290.0
283,280.3
292,279.7
334,334.6
360,356.2
361,375.9
359,374.7
340,363.7
364,380.2
365,377.3
361,380.4
363,376.0
354,377.7
349,366.7
341,349.4
326,342.9
307,306.9
292,299.4
282,282.4
264,260.0
260,258.2
275,275.2
296,302.2
305,307.2
291,293.1
276,279.0
278,280.1
324,328.3
354,363.1
364,376.3
379,379.8
362,375.8
384,379.0
379,381.9
367,381.3
366,381.1
359,376.5
358,369.0
351,353.3
332,332.3
311,303.0
293,292.1
281,277.2
262,259.4
256,259.1
270,277.2
293,297.1
304,306.2
294,295.9
273,282.9
277,282.5
318,322.5
342,354.1
357,362.6
374,361.6
365,354.5
377,362.3
371,362.1
374,368.1
369,365.8
356,356.1
350,353.0
343,351.1
329,331.0
307,302.4
287,290.0
275,269.6
261,257.3
254,256.3
267,274.5
287,296.1
296,304.3
283,285.7
265,264.0
265,259.3
291,284.1
311,305.1
314,304.7
320,305.2
308,302.3
315,309.7
313,307.6
310,307.4
311,310.0
308,315.7
307,317.6
303,316.3
290,309.0
274,289.3
255,266.8
245,260.8
234,241.0
238,241.0
252,255.3
275,278.5
283,285.9
270,268.9
242,246.4
231,237.9
246,252.6
260,276.9
265,282.0
263,286.0
261,288.1
264,288.6
259,289.0
261,292.0
267,294.7
278,300.7
286,314.6
289,315.6
279,306.9
267,284.7
253,267.7
243,253.4
231,238.0
230,237.4
248,252.0
272,275.9
284,282.8
272,276.2
259,265.4
269,270.1
313,311.5
338,340.8
344,351.3
350,346.0
329,341.9
344,347.5
346,351.9
348,354.9
351,354.4
343,353.6
341,348.2
334,345.6
319,328.5
299,312.7
281,286.3
272,275.4
257,250.4
253,250.9
269,279.3
293,294.6
303,307.1
295,292.5
283,278.7
288,280.1
328,316.7
349,339.7
355,344.8
359,345.5
342,339.0
360,352.3
365,358.0
361,356.1
362,353.6
353,347.2
348,348.1
341,349.2
324,344.8
305,306.4
284,280.0
271,283.8
259,253.3
258,252.8
272,277.6
296,298.3
305,308.7
295,295.3
283,279.1
285,275.6
329,309.5
361,335.1
378,339.7
383,339.1
362,333.9
374,339.9
373,340.7
383,341.9
379,343.9
369,342.3
364,343.6
357,339.7
339,336.4
316,305.0
294,291.9
279,280.6
266,262.0
263,262.2
276,277.0
296,296.6
306,308.7
297,299.7
285,280.1
292,281.2
342,325.1
387,339.8
404,346.4
407,347.4
381,340.0
407,352.0
405,362.8
400,357.8
404,359.6
395,350.5
388,349.1
377,346.8
360,338.3
335,306.9
314,294.7
299,275.6
278,260.6
269,259.3
280,277.7
300,301.5
309,307.3
302,302.5
290,280.1
303,280.3
354,320.4
395,342.9
412,345.9
425,350.0
410,349.4
435,358.6
432,357.7
424,358.3
425,358.3
408,353.6
396,355.9
386,355.3
368,338.6
342,318.3
321,304.7
305,286.4
282,263.6
272,261.1
281,273.1
295,296.5
302,301.7
292,289.7
274,266.2
274,262.8
303,288.1
331,316.7
348,326.3
363,327.5
353,325.5
365,324.8
367,325.9
367,322.7
363,323.0
356,323.5
355,323.6
353,321.0
340,309.5
318,287.3
298,265.5
283,257.8
264,260.7
255,256.1
263,261.5
282,274.6
290,284.1
279,275.6
258,251.3
254,245.8
276,295.8
296,327.4
309,327.7
317,337.6
321,345.5
330,339.4
328,329.8
328,325.0
329,341.9
335,351.1
347,355.6
350,352.9
337,344.7
318,335.8
297,291.9
281,284.3
259,243.1
253,240.0
265,258.2
286,277.7
296,285.4
292,280.8
291,276.3
308,280.8
366,358.7
400,385.2
415,407.6
428,408.3
410,396.3
438,408.4
439,400.8
445,396.9
445,396.7
432,390.1
420,388.1
409,375.9
390,358.5
363,335.0
339,314.5
318,306.4
293,286.2
281,280.7
288,283.8
304,302.5
315,312.2
308,310.2
305,303.6
320,317.1
380,387.2
421,417.4
439,428.0
451,434.3
435,435.4
454,446.2
460,448.9
452,453.8
452,452.1
437,446.1
424,436.7
410,433.6
391,415.6
363,354.6
336,343.3
316,336.2
290,288.1
278,282.2
284,290.0
300,303.7
310,313.9
305,309.2
298,305.4
311,309.4
367,397.3
406,417.5
425,420.9
436,422.9
426,419.2
451,433.0
453,432.2
451,430.7
455,434.1
439,420.1
426,418.2
418,405.8
400,399.2
371,368.5
345,331.0
324,325.9
297,306.5
284,290.0
290,297.4
306,307.5
314,314.1
313,312.9
305,311.2
316,319.7
369,382.9
404,429.0
416,416.8
420,457.6
391,459.2
405,474.0
404,467.8
399,471.2
392,470.5
376,445.0
366,432.2
354,421.3
336,397.8
316,382.1
298,341.2
287,325.1
272,298.1
263,288.1
268,292.8
286,306.7
298,313.5
293,309.7
283,307.7
290,312.5
331,373.6
355,416.9
360,421.8
364,422.2
348,429.5
359,439.6
358,434.1
354,425.4
354,439.3
347,423.5
342,413.9
334,408.4
319,370.8
301,359.3
283,332.8
274,312.3
257,289.4
250,277.8
262,279.9
282,303.5
293,304.6
286,303.6
263,292.9
257,292.5
283,332.3
306,381.6
325,392.9
338,400.6
340,397.6
352,406.2
354,406.4
353,406.6
354,406.6
345,399.0
341,402.0
340,395.9
329,377.3
309,354.3
287,329.0
274,319.3
254,252.4
247,247.9
256,256.4
273,283.6
285,291.6
278,273.3
259,245.6
255,239.6
272,268.9
292,282.3
304,286.0
315,286.8
318,285.8
328,284.7
329,286.7
331,291.9
337,292.2
342,293.5
344,309.5
343,309.5
332,305.6
313,296.3
293,271.7
277,266.7
254,248.1
246,245.8
255,253.9
272,279.4
280,286.9
274,280.1
260,268.9
267,272.4
303,322.2
335,361.1
351,369.8
366,369.1
354,364.0
357,373.1
357,373.6
351,373.3
363,373.2
369,370.2
368,366.2
364,357.7
352,335.9
332,325.5
307,297.2
290,284.1
273,267.7
267,266.1
274,282.3
290,298.7
301,307.8
298,301.5
289,286.8
306,289.1
363,318.1
398,355.7
412,389.2
433,389.3
410,382.1
423,392.5
432,390.7
423,392.8
422,390.7
406,393.3
397,389.6
386,387.5
367,373.0
343,330.6
322,313.8
307,295.3
286,286.1
277,281.1
284,287.3
301,301.1
310,314.0
306,304.3
294,296.5
308,295.2
362,368.2
394,386.0
406,400.4
407,402.7
389,394.1
410,406.4
411,409.5
406,407.1
402,406.7
394,405.5
387,404.6
377,395.1
358,381.9
335,369.9
316,327.3
303,323.8
282,294.5
274,289.3
283,285.4
300,308.4
311,310.5
302,311.1
290,304.0
305,318.1
356,395.4
381,411.8
381,426.5
401,434.2
383,408.8
397,428.3
399,430.4
399,430.6
401,430.5
390,429.4
383,427.4
377,417.2
357,412.2
333,366.6
313,325.7
299,316.4
279,293.2
270,287.2
278,289.9
296,306.1
307,317.4
302,310.3
289,297.0
299,307.5
358,355.6
398,403.1
416,410.1
431,414.6
418,419.6
444,420.9
443,427.2
445,418.1
446,420.5
431,411.3
413,407.2
400,402.9
378,373.0
351,347.7
325,315.8
306,304.0
281,280.2
270,275.6
275,295.9
289,303.3
295,308.7
289,304.4
276,288.6
283,286.9
330,325.8
358,335.3
368,346.8
390,348.4
394,347.7
402,352.9
405,352.0
404,348.4
406,346.8
397,345.6
386,346.3
377,337.4
362,330.6
339,316.0
313,296.4
292,288.6
270,254.9
259,251.6
264,259.1
277,277.5
284,283.0
275,278.4
258,253.6
257,250.9
287,268.8
319,291.5
337,290.7
351,292.4
353,291.7
354,300.3
356,300.3
356,301.4
358,308.4
368,318.8
376,331.5
375,330.9
361,324.1
340,306.1
316,274.7
297,270.8
275,254.5
265,253.4
273,259.3
283,282.8
293,289.5
294,287.7
293,284.4
314,290.6
383,387.8
414,427.7
424,445.0
436,433.7
415,435.8
436,436.2
436,435.8
434,434.6
433,434.9
423,432.8
415,444.4
404,441.3
383,391.2
357,363.5
328,319.9
308,309.4
284,292.4
273,284.0
282,286.7
300,309.3
310,316.4
308,308.5
301,296.8
316,314.7
378,374.9
427,395.1
444,401.6
455,416.4
448,427.7
460,443.6
464,443.8
469,443.1
474,442.6
464,421.3
448,401.1
435,395.3
412,379.7
382,350.1
352,337.6
329,319.5
305,301.9
293,292.1
297,291.9
308,307.5
317,315.2
317,312.6
312,311.0
330,327.9
395,390.0
436,419.7
455,452.2
469,458.5
458,452.2
487,473.0
491,473.2
487,451.5
484,442.4
473,436.5
463,431.0
450,416.0
427,405.5
396,387.9
364,351.1
339,337.1
308,300.2
296,288.4
301,293.1
312,308.1
322,315.9
320,315.5
316,313.6
335,326.9
403,393.6
453,435.5
470,457.6
489,474.7
482,468.5
506,475.6
508,484.0
507,482.6
508,481.1
496,478.6
481,479.4
465,468.1
441,454.5
407,375.9
372,342.5
344,331.1
313,309.5
300,292.8
304,294.3
313,309.2
320,320.3
321,320.1
317,317.5
336,334.3
404,397.8
452,457.3
477,458.9
495,475.0
486,463.3
508,485.0
510,485.8
509,475.4
510,474.4
492,458.6
474,468.9
459,465.0
432,428.4
399,386.5
370,346.5
346,337.2
313,317.6
295,297.0
295,304.3
304,313.8
310,318.2
307,318.0
298,311.4
308,312.1
360,357.7
402,408.7
423,411.5
440,436.6
440,440.5
455,448.7
457,449.3
455,439.5
457,438.9
445,432.1
433,421.4
424,419.4
403,413.9
377,405.5
349,366.4
329,340.4
304,303.4
289,283.7
290,284.3
298,292.7
304,296.5
301,293.0
285,280.8
287,278.6
321,325.7
355,343.5
377,356.1
392,369.4
399,385.6
403,379.6
406,381.9
410,382.5
401,373.4
400,375.3
398,384.6
396,375.7
379,378.9
359,348.7
333,315.3
313,304.9
287,283.2
273,272.3
277,277.5
288,292.3
293,301.0
298,302.5
297,303.2
322,313.2
396,415.7
444,469.7
470,500.4
488,497.5
480,498.3
504,507.2
510,507.6
508,504.9
507,505.7
487,498.5
473,491.9
458,479.9
432,462.4
398,387.4
367,359.6
343,334.6
311,298.8
293,289.4
296,294.5
303,306.2
307,312.6
311,314.9
310,313.4
330,336.6
402,403.9
449,462.5
472,469.6
490,480.9
482,475.0
505,496.0
510,497.9
505,489.9
505,488.6
486,469.0
473,462.3
460,458.9
433,443.2
400,389.5
367,354.4
339,335.8
310,311.0
292,306.4
296,307.0
308,310.1
316,314.5
319,315.4
317,314.5
335,334.0
403,408.2
450,456.5
473,476.4
490,483.4
478,477.3
501,487.7
506,490.3
506,482.4
506,475.0
487,461.9
472,455.1
460,458.4
434,448.8
401,384.5
369,368.9
343,346.1
311,319.0
299,299.9
300,302.0
310,310.5
318,318.6
323,318.3
321,316.9
335,337.8
401,433.0
449,478.1
480,503.4
490,505.5
482,504.4
496,512.4
507,507.2
508,519.7
504,508.5
488,488.0
474,474.2
464,476.7
438,446.2
405,414.6
373,384.6
344,346.7
314,316.8
297,302.7
296,303.7
303,310.5
310,317.2
317,317.4
315,316.6
337,327.8
408,389.9
453,458.3
473,501.3
495,502.7
483,504.0
507,509.7
508,512.1
507,516.3
511,504.5
486,492.5
468,481.0
457,459.0
429,440.6
397,383.4
366,363.2
340,344.7
307,314.6
295,296.8
297,299.6
305,310.9
311,311.8
312,313.1
304,310.6
315,308.1
370,363.1
414,404.2
436,410.2
454,428.6
451,430.1
466,437.7
469,435.3
470,434.8
463,434.7
443,425.0
428,415.6
420,405.1
400,394.4
372,377.8
345,339.3
321,328.6
291,296.9
278,280.5
282,283.6
291,291.3
296,295.6
296,293.9
283,278.1
279,276.7
309,316.3
342,346.2
367,358.6
386,367.8
398,376.0
405,376.8
405,377.7
408,378.9
406,377.9
402,378.0
408,380.0
407,386.1
391,382.0
366,352.3
339,314.6
317,307.7
289,278.3
274,270.5
276,276.2
287,289.2
293,299.7
298,299.8
297,300.5
318,321.3
389,399.9
431,467.0
456,489.8
478,506.9
470,504.9
491,518.1
494,519.1
495,513.9
492,512.1
474,500.3
458,489.4
444,474.3
417,436.3
385,387.4
358,360.6
335,343.5
304,296.0
286,289.4
287,291.5
296,308.2
305,312.9
310,315.7
304,314.6
318,330.8
382,390.3
424,464.6
447,484.7
464,492.1
460,492.3
476,501.9
481,505.0
477,500.2
470,498.6
451,491.8
437,475.6
428,470.9
401,440.2
370,395.5
342,359.4
319,337.4
289,320.3
274,305.7
277,306.7
285,312.4
293,317.6
298,319.3
291,318.9
298,340.5
346,411.4
373,462.0
373,488.3
371,493.8
349,496.1
362,506.3
371,508.5
368,508.4
367,511.2
358,496.8
356,489.0
350,494.1
334,465.2
315,390.8
298,370.9
285,346.1
263,312.2
252,293.8
259,296.1
272,290.9
282,294.6
283,294.5
268,291.1
269,315.9
300,413.6
321,474.7
337,498.2
354,500.6
357,502.3
366,509.7
367,514.6
370,513.5
370,510.6
361,504.4
358,485.8
354,483.8
335,463.0
315,406.6
296,368.0
281,340.0
257,300.9
246,291.8
251,295.8
264,285.2
274,289.5
274,290.6
260,286.1
259,304.0
286,384.6
311,426.3
321,428.1
335,452.8
338,455.2
341,453.1
343,460.3
346,456.8
347,447.9
343,438.1
342,439.1
341,427.5
323,422.0
302,372.4
284,315.9
272,302.6
250,267.3
238,263.9
245,274.3
257,285.4
267,295.6
265,286.9
246,269.3
239,270.3
265,295.2
295,312.2
316,318.0
330,315.8
339,313.3
343,317.6
346,321.7
347,320.9
351,320.1
353,323.4
347,319.1
347,319.7
330,308.7
309,296.4
286,286.5
270,272.6
248,244.0
241,241.9
246,249.5
260,271.1
267,277.5
266,271.0
248,243.5
241,235.2
268,257.5
286,281.1
302,290.3
305,288.8
307,295.1
314,295.3
316,296.6
317,294.4
311,296.0
323,316.7
331,324.7
333,325.4
325,318.4
307,300.1
287,274.5
271,262.3
252,244.0
244,241.3
252,248.3
266,266.5
277,272.8
283,269.4
279,259.8
295,254.4
351,356.1
390,369.5
411,386.9
416,388.8
400,385.4
406,397.9
404,399.2
389,399.0
385,399.2
376,395.6
370,396.1
362,392.3
342,378.1
319,332.2
301,318.3
288,309.9
268,270.8
258,267.4
266,277.9
282,286.4
295,298.3
295,297.0
285,284.9
291,289.7
341,364.6
386,406.3
406,412.7
423,418.0
411,410.2
434,423.5
438,427.7
429,427.9
423,427.5
409,420.3
404,418.8
397,409.6
368,408.8
343,330.5
323,311.5
309,302.6
287,272.5
276,271.7
282,273.0
295,286.0
306,299.8
307,294.6
302,287.7
316,290.1
367,350.6
398,372.0
405,385.0
405,386.0
380,382.0
406,392.7
409,394.4
406,404.0
404,395.2
391,400.5
387,400.9
376,392.0
354,369.2
332,328.5
314,306.5
301,304.0
281,268.1
271,266.0
279,275.6
295,288.6
307,297.2
309,297.7
301,284.7
312,295.8
366,346.6
401,413.3
416,423.8
431,428.5
413,417.7
443,424.8
452,425.1
449,435.3
442,433.7
425,421.6
420,428.5
408,417.9
384,387.6
356,334.8
335,322.4
317,305.9
292,298.3
280,286.3
285,287.2
299,300.9
310,308.6
308,306.9
296,300.7
311,315.2
367,354.3
411,437.2
437,449.0
452,461.7
434,442.7
462,451.1
462,442.6
465,442.7
457,431.1
438,422.6
432,416.7
419,414.5
393,380.9
366,354.6
340,325.4
321,314.8
293,274.1
278,267.7
287,279.6
300,296.4
307,302.5
305,297.8
288,286.1
294,288.4
338,324.0
364,339.2
378,344.8
392,349.4
395,354.1
402,357.2
404,352.5
407,351.0
407,350.8
402,349.6
391,346.5
384,343.1
363,333.2
338,319.6
312,301.1
296,292.1
272,268.4
259,264.4
261,271.2
272,280.7
279,286.8
277,285.9
258,265.5
252,262.6
278,295.0
309,326.4
326,335.8
340,341.3
349,337.0
352,344.5
352,344.1
355,339.0
361,341.5
366,354.7
365,354.8
365,356.2
345,347.3
326,332.1
303,285.1
286,284.0
264,249.9
254,248.4
259,253.6
273,276.8
284,283.2
284,282.3
280,275.2
296,291.5
362,348.3
405,411.4
425,417.4
436,419.2
417,413.4
437,413.8
436,412.0
431,406.4
423,404.2
407,412.8
405,392.8
392,374.1
368,381.7
341,344.2
318,317.0
301,303.5
279,279.3
269,269.0
276,276.5
289,293.6
302,301.5
308,299.7
308,285.8
321,301.6
381,370.0
412,391.3
418,421.9
423,434.0
408,421.3
425,434.4
430,437.7
423,435.5
426,431.8
412,423.5
403,415.4
386,398.0
359,381.2
331,332.6
307,330.7
290,311.2
269,291.6
258,287.1
265,286.7
279,295.7
291,309.0
291,311.0
280,307.4
286,323.2
337,382.7
373,433.4
394,444.6
403,445.4
387,441.1
415,458.3
418,458.2
415,457.2
408,447.2
391,435.2
387,431.2
378,408.0
356,394.5
328,361.7
305,343.5
289,328.1
267,285.8
256,279.0
262,281.9
277,298.9
289,303.8
290,302.8
278,298.8
286,309.1
344,357.6
383,424.5
402,441.9
417,446.1
404,436.5
425,444.5
429,445.5
426,439.4
427,429.5
410,423.7
399,419.3
388,418.2
362,405.3
334,359.0
313,305.8
298,296.6
274,271.4
262,271.0
268,273.1
283,293.3
297,299.0
299,298.9
282,294.3
290,301.0
345,367.8
379,380.3
398,388.3
407,397.2
390,389.0
421,393.7
419,399.7
414,395.0
411,396.1
396,393.9
391,393.8
375,391.0
352,377.4
327,346.1
308,317.2
295,310.8
271,284.6
262,277.7
269,273.3
282,288.5
293,299.0
291,292.2
273,275.1
269,275.0
306,306.3
342,333.1
355,350.5
361,360.8
353,359.5
357,360.4
349,361.0
342,360.8
342,360.2
337,355.1
340,356.0
331,354.5
315,333.7
295,304.7
277,274.5
264,261.5
253,238.3
247,240.2
253,242.8
270,271.0
282,280.7
277,272.0
258,251.7
254,240.7
272,283.5
288,310.4
298,324.7
298,335.1
300,341.8
305,344.4
305,346.0
301,345.0
307,344.1
316,349.4
325,347.0
322,346.5
302,341.4
283,336.7
263,296.5
250,287.8
239,249.6
235,243.0
246,247.0
263,271.5
278,279.9
280,277.5
275,274.9
288,278.4
334,356.5
368,401.2
376,411.8
376,421.8
353,423.7
373,429.7
377,426.4
377,423.6
374,415.4
366,402.8
367,405.4
354,404.0
334,371.4
313,332.3
297,321.8
285,310.4
269,258.6
260,255.9
269,270.0
286,281.5
299,294.2
298,291.4
288,279.7
295,283.2
344,334.4
385,356.4
397,378.9
402,383.7
382,387.0
395,387.6
381,389.8
385,378.2
390,379.8
376,373.1
374,375.6
364,371.0
342,339.5
320,321.4
299,296.2
283,282.7
267,252.7
261,251.1
270,271.9
287,285.8
300,297.3
299,289.8
287,289.1
294,290.2
342,323.1
376,370.5
392,368.5
404,381.8
383,367.3
402,381.9
392,382.4
384,380.5
389,381.4
379,377.3
380,374.7
367,369.8
346,357.3
320,317.2
298,302.2
283,293.5
263,285.0
254,278.2
263,273.2
279,292.8
293,296.9
292,294.2
284,293.0
296,294.8
344,366.0
374,405.3
380,415.8
379,417.8
353,414.8
375,409.5
378,410.6
375,410.1
378,408.4
370,398.5
369,396.6
358,395.4
335,386.1
313,342.4
292,322.4
281,302.1
261,257.5
253,257.5
264,273.1
283,285.7
296,294.1
294,293.8
280,290.6
284,296.4
328,355.4
363,391.4
378,402.0
393,396.3
378,397.0
404,409.4
411,402.5
407,400.8
398,400.4
380,392.8
375,393.5
363,398.9
340,378.4
313,344.2
289,314.7
273,298.6
256,259.9
250,258.5
258,269.0
275,286.5
287,293.7
282,285.5
261,266.8
255,267.0
287,314.4
316,340.3
333,350.5
344,350.3
330,344.0
335,348.6
332,348.0
330,344.5
332,342.9
326,338.7
335,341.1
328,336.4
311,326.1
289,303.0
273,273.4
264,263.3
247,238.0
241,236.3
249,247.5
267,271.6
278,279.2
272,270.8
249,242.7
244,233.2
256,253.1
274,268.7
275,272.2
281,279.0
285,280.8
281,283.1
277,283.2
276,288.1
290,290.7
297,297.6
309,315.0
305,312.6
291,302.1
275,286.6
260,263.9
250,252.9
236,236.4
234,235.0
246,243.1
266,267.1
280,274.5
279,272.2
274,259.7
284,269.3
326,328.6
356,364.3
364,368.1
365,372.9
347,369.1
365,372.8
365,372.7
360,373.3
364,368.8
354,366.0
355,361.6
342,360.5
320,358.1
298,316.3
279,297.8
265,284.9
252,258.4
248,257.3
259,267.1
279,284.4
294,293.9
292,292.7
281,283.2
286,288.0
329,322.2
356,358.7
364,370.9
370,379.6
357,371.0
374,381.2
375,380.9
368,374.7
368,378.2
358,376.7
357,372.2
342,363.8
324,347.4
302,322.1
287,309.7
276,300.2
259,258.7
251,258.6
262,265.8
282,283.5
295,295.9
292,292.8
275,276.3
282,275.7
327,318.2
355,354.8
359,360.9
357,362.4
336,360.0
360,363.8
354,373.5
353,375.6
356,375.2
347,382.2
349,384.1
335,365.8
317,338.2
297,306.3
282,289.7
271,275.9
255,256.1
248,255.4
261,265.8
284,287.3
297,294.7
293,295.1
281,284.7
284,284.0
320,326.6
349,362.0
364,362.4
380,363.1
362,366.8
376,370.6
377,380.5
376,384.2
372,385.1
358,386.5
357,373.5
342,370.8
320,361.7
298,319.9
277,307.7
263,290.5
250,255.4
245,256.4
258,263.0
279,282.8
293,292.6
289,294.3
273,281.3
269,282.9
304,334.9
335,351.6
348,358.3
358,356.8
346,354.0
365,369.0
369,369.0
368,368.4
371,360.6
357,360.5
352,357.2
339,353.8
316,343.1
294,325.1
278,300.4
267,268.0
249,254.3
242,255.2
254,262.0
274,280.9
285,293.1
279,285.1
256,265.6
248,264.8
273,289.1
289,307.7
307,309.2
316,312.2
312,309.1
320,310.6
315,310.0
324,310.3
323,310.5
318,313.0
323,314.8
315,312.6
298,308.3
279,280.1
263,257.9
254,248.4
240,233.5
234,232.4
244,246.3
265,274.2
277,279.8
270,272.2
247,245.4
232,236.2
243,242.8
257,251.3
267,256.9
279,254.8
283,260.9
279,262.9
281,262.5
285,263.0
292,269.5
290,283.9
300,291.8
295,294.1
281,285.9
263,270.5
248,252.1
240,242.4
228,227.9
224,227.0
237,249.7
259,274.1
275,282.0
272,277.4
255,264.1
258,266.0
300,310.3
329,363.2
344,383.4
354,389.7
331,386.9
349,405.2
361,406.1
353,405.1
358,405.6
345,390.8
348,381.0
333,371.9
312,332.2
291,302.7
275,283.9
264,281.8
248,257.8
243,256.4
257,262.0
279,284.3
292,293.5
289,290.5
267,276.1
267,277.4
305,324.7
329,360.3
334,366.8
348,366.3
339,366.2
356,378.2
362,383.9
354,380.6
352,378.6
348,376.5
351,377.4
335,363.0
315,347.0
295,320.7
279,301.3
270,289.1
254,252.4
248,251.0
262,261.2
282,283.2
292,291.6
285,290.7
275,279.5
281,278.4
319,323.5
344,372.4
357,357.7
347,360.0
330,354.0
353,363.4
353,368.3
349,365.1
352,366.6
347,367.9
347,368.1
330,358.9
311,354.5
293,313.0
278,293.9
268,276.4
254,260.9
248,259.2
262,266.4
286,285.0
299,295.7
294,297.3
283,282.9
286,285.6
323,328.7
342,353.9
347,371.6
364,372.1
340,369.4
364,375.6
356,380.8
353,372.9
355,375.7
349,369.0
354,370.6
336,351.8
317,327.0
296,304.1
280,285.0
269,271.4
252,255.8
247,255.2
262,266.3
285,284.8
298,293.3
292,295.7
276,283.9
276,282.4
310,323.6
335,345.5
349,355.5
364,371.8
345,367.6
366,382.2
364,375.9
360,375.2
362,370.0
348,370.5
349,367.4
333,358.3
312,334.7
292,300.9
275,292.7
264,272.9
245,251.7
240,252.1
253,261.8
275,280.3
287,292.5
278,285.3
255,265.2
243,262.9
269,291.0
292,304.5
298,303.3
313,304.3
305,305.0
322,306.7
319,306.4
317,305.9
318,307.4
309,310.1
315,311.8
306,310.6
289,298.6
271,272.7
256,256.4
247,250.2
233,235.9
228,236.9
243,248.3
264,276.1
276,282.2
261,273.6
233,243.2
215,233.3
227,240.5
249,251.1
260,257.3
267,260.7
273,273.2
270,273.5
269,273.7
271,274.1
272,279.0
279,294.2
293,303.9
289,302.6
281,289.4
263,273.7
245,255.3
234,243.6
223,234.7
221,234.0
235,247.5
258,272.6
270,279.2
264,275.1
239,267.8
236,270.4
261,310.6
273,359.8
290,370.5
293,373.7
281,372.0
288,384.8
287,386.4
285,385.6
295,382.8
299,373.6
306,369.3
301,351.3
287,327.8
269,299.8
250,285.0
240,266.7
228,250.6
225,250.0
241,256.9
263,283.4
276,296.2
267,286.9
243,278.0
232,276.9
258,320.9
286,360.7
297,363.3
312,365.2
313,354.9
311,378.3
309,382.8
305,381.3
310,380.3
315,373.0
325,376.5
312,354.8
293,326.7
277,308.1
259,282.0
247,271.5
234,249.8
229,249.0
243,263.2
265,283.7
278,291.2
271,291.4
249,275.2
242,271.7
263,306.0
287,360.4
297,346.5
307,349.7
296,345.7
310,356.8
309,356.5
310,357.0
317,357.5
320,368.8
329,363.6
319,354.7
304,338.8
285,306.8
266,284.8
256,271.5
242,252.2
240,251.3
254,268.8
271,286.4
284,295.4
283,291.7
274,276.1
284,274.1
326,315.1
349,347.0
355,368.7
350,370.1
334,365.5
347,380.2
353,378.9
350,375.8
356,373.1
349,370.5
351,370.1
333,350.0
313,335.5
296,300.1
281,281.5
271,275.0
257,252.1
252,253.2
265,266.3
288,288.0
301,296.8
293,288.4
277,273.8
282,273.0
324,320.3
352,357.6
364,366.0
365,360.4
352,353.9
375,372.7
376,373.3
370,371.5
368,372.7
358,368.8
361,368.3
342,354.6
323,334.7
302,301.7
281,280.1
269,271.4
255,256.6
251,254.3
264,268.0
285,288.2
295,299.7
288,283.1
270,253.7
269,252.0
296,274.2
312,281.1
333,282.9
343,282.7
334,282.7
348,287.6
342,287.0
337,287.0
337,286.9
331,287.0
332,296.7
320,296.9
304,294.2
287,270.8
268,253.4
256,248.4
246,232.3
243,233.7
255,249.1
276,271.7
286,278.8
277,274.0
252,239.7
240,233.3
247,253.8
253,262.6
260,265.1
271,271.7
282,273.6
286,273.0
286,271.5
287,271.8
290,278.1
296,310.4
308,321.8
298,318.8
283,310.9
265,286.3
247,258.7
235,247.3
228,239.3
225,238.2
240,247.6
264,271.1
277,285.2
275,276.3
261,260.9
258,270.1
296,309.9
330,340.8
353,350.1
366,355.3
350,351.1
372,362.6
375,363.0
373,348.1
373,348.5
355,346.4
355,336.6
336,346.6
316,326.4
293,319.2
272,297.4
260,283.2
242,253.4
238,252.9
250,262.5
273,284.6
286,298.7
283,291.2
268,277.6
265,278.0
305,318.9
338,353.5
356,350.1
364,365.2
350,356.6
375,366.8
367,371.8
357,362.8
362,363.8
350,365.1
353,365.5
333,360.4
311,324.8
290,310.2
272,286.6
263,279.7
246,258.4
242,257.4
254,264.3
278,287.5
291,297.3
288,290.4
268,278.0
267,275.6
299,314.5
327,347.6
320,355.9
333,347.8
325,350.0
350,358.6
339,357.2
326,358.0
328,361.5
328,353.7
335,352.1
320,353.0
302,337.3
283,311.8
263,289.8
251,275.3
236,260.3
232,259.6
248,268.7
272,288.0
284,297.0
280,293.7
267,285.4
272,288.4
312,319.7
339,364.9
342,349.4
347,356.9
322,354.8
336,367.1
337,369.6
342,358.5
345,362.1
344,361.3
349,350.4
333,355.6
316,329.4
299,305.1
284,285.0
275,273.7
260,253.2
254,253.2
266,271.3
288,290.6
300,299.6
293,293.4
280,282.5
276,283.5
308,317.2
343,352.8
348,358.8
353,360.5
338,351.1
360,369.1
362,373.7
357,369.6
356,374.2
342,373.0
344,365.9
327,357.4
307,329.1
288,306.9
266,287.8
255,273.2
241,255.4
236,255.5
249,266.9
273,286.9
285,300.3
277,284.0
251,261.6
239,259.3
271,276.5
295,288.5
306,290.2
316,294.3
311,290.4
318,295.9
317,294.8
316,296.2
317,296.4
308,298.7
316,300.3
301,298.4
281,294.4
263,269.8
247,247.6
236,239.7
225,232.3
221,233.6
236,248.4
260,270.5
271,279.6
261,273.6
230,238.5
213,232.5
225,255.3
243,262.5
259,264.0
264,267.3
269,270.1
269,269.5
271,268.8
271,268.7
272,272.6
282,312.5
298,317.1
290,315.3
277,310.7
261,285.1
243,257.0
232,248.4
221,232.1
221,233.2
240,253.1
266,281.3
280,286.2
275,278.1
256,256.4
256,260.0
293,318.9
323,361.0
330,361.5
329,368.5
306,357.2
336,367.6
333,371.4
328,374.4
330,373.8
327,374.8
333,377.4
317,364.1
299,333.6
280,293.2
264,286.1
256,269.0
243,248.5
243,247.4
261,267.4
282,290.8
293,297.9
285,289.3
269,270.1
260,268.5
293,310.1
321,345.4
335,351.8
346,334.8
328,336.1
346,347.4
350,346.9
342,350.3
341,345.8
331,357.9
336,354.9
320,348.7
302,338.2
282,304.1
266,283.6
258,273.3
246,251.0
245,251.6
262,269.4
287,285.7
298,296.5
286,292.0
265,278.6
260,275.6
292,309.2
316,348.8
325,341.8
333,332.1
316,328.1
339,339.1
339,338.0
338,338.9
340,339.2
329,348.9
334,358.1
318,351.9
300,335.3
280,303.4
265,279.1
257,268.9
243,258.3
242,254.9
260,270.6
284,295.7
297,302.0
291,295.0
272,276.7
263,277.5
293,309.6
322,339.8
330,342.2
337,344.3
323,345.8
349,350.6
353,357.0
336,357.7
335,349.0
334,348.5
338,350.8
320,336.1
303,317.6
284,300.1
269,284.2
260,264.8
246,253.4
246,253.4
265,273.7
288,297.4
293,306.0
286,294.2
267,280.7
260,280.4
296,318.9
316,345.8
327,348.6
334,355.4
310,356.2
332,364.1
340,364.4
337,364.1
336,357.7
329,355.3
334,360.0
316,337.9
299,321.6
279,298.1
261,280.2
250,270.2
241,254.5
242,252.2
259,270.6
285,294.6
295,299.5
282,286.0
256,262.3
250,259.6
271,273.6
282,280.6
287,282.2
284,285.8
277,282.3
289,286.5
291,286.4
287,286.8
291,287.0
298,292.6
302,294.6
292,292.7
279,291.4
262,267.4
245,253.7
236,245.6
225,227.4
225,228.7
245,250.6
270,279.8
279,282.7
264,271.4
235,233.8
225,223.6
232,229.1
248,235.5
259,239.8
258,243.0
257,247.8
248,247.5
249,247.3
254,248.8
258,257.7
271,283.8
286,299.8
279,299.0
268,286.5
251,267.4
231,246.8
222,240.8
214,225.7
216,226.9
237,250.3
264,277.7
275,280.8
264,274.1
238,249.5
228,249.3
248,304.2
271,338.7
282,342.0
277,346.7
261,343.1
275,353.7
274,354.4
276,354.4
285,362.9
300,360.7
308,362.6
297,343.4
286,319.3
269,291.6
251,280.7
242,270.6
233,254.7
235,255.2
256,266.2
282,295.1
293,304.4
285,287.3
268,275.2
257,273.9
283,308.6
309,335.7
320,337.7
329,341.8
313,333.6
334,347.6
330,347.7
328,347.0
329,347.4
327,347.3
332,349.8
315,341.2
299,322.8
280,300.3
265,277.1
256,275.4
245,247.9
245,248.4
266,268.5
292,294.8
303,304.7
292,293.6
275,280.5
260,278.5
287,308.9
309,318.4
318,318.1
325,322.7
310,319.6
330,332.4
333,330.7
330,331.6
332,333.7
327,329.3
332,331.9
316,329.8
300,318.4
280,293.6
264,274.8
255,267.2
244,252.2
247,252.7
267,268.7
293,299.2
304,305.6
293,294.3
277,278.9
268,276.9
290,315.3
304,321.9
315,323.8
322,329.4
299,313.6
319,333.2
325,333.0
322,333.5
322,342.4
327,342.1
333,340.4
318,323.1
301,313.6
280,291.4
264,273.0
255,265.5
245,251.3
246,251.4
267,272.3
294,295.9
303,305.4
293,292.2
276,275.9
263,275.9
286,309.7
307,335.7
319,336.8
329,337.2
313,322.4
333,336.7
335,338.9
333,338.1
332,341.2
326,349.3
330,348.0
314,334.3
297,318.9
278,293.9
260,277.4
249,271.2
242,255.7
246,255.7
265,274.4
290,294.0
299,300.4
286,282.4
261,262.6
248,259.4
271,264.1
288,277.4
297,277.7
304,281.7
294,281.1
305,283.2
306,283.0
303,283.0
304,283.2
304,285.5
308,291.4
295,296.7
280,292.8
263,267.1
246,247.1
236,237.5
225,240.6
227,242.8
246,255.5
272,285.5
280,289.1
264,269.5
234,230.1
215,220.5
219,233.6
233,241.8
245,244.3
254,248.1
259,247.9
259,247.5
262,247.8
267,248.3
270,256.2
284,271.4
295,285.7
284,286.4
269,278.5
254,265.2
236,242.5
227,238.1
219,230.0
222,233.1
243,254.0
270,282.5
281,287.9
272,277.5
254,259.3
250,260.2
283,309.9
306,337.5
318,340.5
325,340.6
310,339.1
334,344.0
339,349.0
337,344.6
336,346.3
334,349.9
337,350.3
318,335.2
300,314.8
279,293.9
259,278.1
248,266.7
240,245.4
243,245.1
263,270.1
289,297.5
299,305.0
287,288.8
265,272.2
258,270.9
293,308.2
315,341.5
328,347.8
336,335.9
317,330.7
341,336.1
348,337.9
345,334.1
339,338.1
339,357.7
340,355.1
320,339.0
303,320.0
281,300.1
261,278.2
249,271.3
240,249.1
242,250.1
262,269.8
290,296.8
300,306.1
289,295.5
270,281.1
264,280.4
292,312.2
316,339.7
328,340.0
337,311.3
318,297.9
344,310.2
347,304.9
342,306.5
342,324.1
342,342.3
346,348.2
327,332.2
309,310.6
289,290.8
275,272.5
265,264.1
253,259.3
252,256.5
273,282.1
300,300.6
309,306.8
294,292.2
278,276.9
269,276.6
297,307.0
318,320.3
329,322.5
340,323.2
327,315.3
346,330.0
346,331.3
341,331.8
339,334.5
341,337.8
344,341.2
326,324.1
307,313.0
287,298.8
267,281.2
253,264.9
248,253.6
249,252.4
268,282.7
295,297.1
305,301.1
296,294.4
279,279.2
268,277.1
292,307.3
314,346.4
325,347.3
333,353.1
317,338.0
340,349.5
343,355.8
340,355.2
336,347.5
335,353.0
337,350.4
320,328.8
303,318.4
284,300.9
266,280.1
255,268.0
245,254.6
244,255.2
264,281.6
289,297.1
298,301.9
289,290.1
265,262.2
253,259.0
270,281.8
286,295.2
297,298.8
306,302.9
301,299.3
310,302.5
303,301.0
301,302.4
300,302.8
307,305.9
312,306.4
301,302.0
288,290.5
269,269.6
250,259.5
241,250.6
232,237.1
233,237.8
253,257.9
278,287.5
286,287.1
271,274.0
241,244.0
224,233.9
230,230.8
243,236.5
249,244.9
255,248.8
259,251.7
258,253.1
259,253.1
260,254.7
263,262.1
281,285.5
292,300.4
288,297.2
280,287.5
265,270.4
249,248.4
238,241.4
229,231.2
236,234.3
261,254.2
290,278.1
294,286.9
286,275.7
272,258.4
261,266.3
289,309.2
311,334.0
318,337.5
326,343.5
309,326.5
329,341.8
331,343.8
330,343.2
333,344.8
333,350.9
339,351.6
323,332.8
305,313.2
285,294.2
266,279.5
254,267.3
243,248.2
246,246.6
270,275.3
298,298.3
307,304.2
297,290.2
280,275.5
269,275.7
299,315.1
321,347.0
333,346.1
339,357.0
317,346.0
336,355.9
338,348.5
341,347.7
346,349.2
352,350.0
348,350.7
330,331.4
312,318.7
292,299.6
277,279.7
266,270.7
255,254.9
256,257.2
273,280.3
299,300.0
308,308.8
295,295.5
274,280.2
270,277.4
304,301.7
319,338.0
323,339.7
330,341.5
310,326.6
331,347.1
333,347.6
328,343.1
332,346.2
338,348.0
341,349.2
326,338.7
309,321.2
288,294.6
272,277.9
262,269.1
252,256.6
253,256.6
274,286.1
294,311.2
305,314.3
296,299.8
280,278.9
269,278.1
296,309.0
316,329.2
328,331.1
332,331.6
309,315.9
329,330.9
335,330.9
329,330.8
332,338.9
340,349.8
342,350.2
326,332.6
310,319.4
290,298.2
274,285.2
264,268.9
254,258.9
257,260.8
280,279.4
308,310.1
317,313.0
306,299.0
290,286.6
282,285.7
307,307.9
315,332.8
320,331.3
326,332.2
316,315.2
332,335.7
330,334.0
329,333.3
333,336.5
343,353.5
343,353.1
326,336.2
309,318.0
289,301.7
271,277.3
259,264.8
245,252.8
252,254.4
278,280.9
304,307.7
308,311.7
293,294.5
270,264.6
260,261.0
278,292.8
288,304.0
293,305.7
297,305.4
291,303.6
297,306.4
299,307.4
296,305.4
295,303.8
305,311.8
310,307.7
302,306.5
290,293.2
275,275.7
254,255.2
244,248.2
235,236.5
242,237.8
263,258.2
289,283.3
295,288.0
279,270.8
249,239.6
231,226.0
238,241.4
251,250.8
250,253.5
251,260.3
250,258.7
255,260.4
259,259.0
262,260.3
272,266.0
300,291.9
306,297.9
300,296.7
288,287.9
271,270.2
252,249.0
243,240.8
236,232.7
245,233.9
266,260.6
290,283.9
297,288.9
284,278.4
272,265.8
280,268.6
316,302.2
336,317.5
339,318.9
339,322.6
314,301.9
331,308.6
331,316.5
327,316.4
332,327.9
343,346.3
344,348.8
328,328.2
313,313.8
294,291.0
273,273.4
261,262.5
250,256.8
255,258.2
278,279.5
304,301.4
310,309.5
295,293.0
271,283.9
263,280.2
282,314.1
295,329.2
297,330.3
300,331.7
293,313.3
302,329.4
302,328.9
302,328.8
307,340.7
319,352.0
325,360.3
315,339.6
304,317.8
289,299.4
270,281.6
257,270.0
249,258.5
257,259.9
282,283.0
308,308.4
314,315.0
302,298.1
291,281.5
283,280.4
305,316.5
323,331.7
332,332.3
334,333.9
316,319.6
339,332.1
337,332.8
336,332.0
338,341.0
349,344.6
349,344.0
334,332.7
319,318.5
301,299.0
281,279.5
271,268.5
261,256.6
266,260.2
289,286.6
313,314.3
319,317.5
306,302.1
292,291.8
286,289.3
313,312.1
325,339.5
326,338.6
332,338.2
312,317.7
334,341.0
335,339.6
337,338.5
344,344.4
354,351.3
353,355.0
335,344.8
318,318.9
298,295.5
282,281.2
274,270.0
263,258.5
267,258.0
289,284.1
314,311.0
317,313.3
304,305.5
286,291.8
286,290.4
315,317.4
332,331.6
332,334.6
332,336.2
317,312.3
343,332.2
347,332.4
339,331.9
340,341.8
349,352.9
346,353.3
329,338.1
314,319.4
294,302.5
275,276.0
264,271.7
253,261.6
256,264.6
279,291.5
302,310.9
306,315.7
286,294.7
267,267.3
268,264.1
297,290.0
311,307.6
316,309.8
319,307.4
307,304.1
321,311.5
321,314.6
317,309.1
321,313.4
330,322.1
327,322.3
315,322.1
302,311.3
285,282.3
259,263.1
250,255.2
240,248.2
242,249.1
266,271.6
289,295.7
291,295.8
271,280.5
243,244.8
236,241.0
250,256.7
260,265.1
261,270.9
257,275.1
262,273.6
262,271.7
265,269.8
260,270.6
271,279.9
295,301.8
299,310.6
291,309.1
286,300.4
273,282.0
256,254.7
243,250.7
235,241.0
241,245.1
265,267.6
289,291.4
294,295.5
282,286.2
273,265.7
280,264.5
313,306.4
339,330.3
346,331.8
348,333.3
323,317.2
347,336.9
347,340.2
344,340.2
350,343.3
355,355.0
346,358.5
328,343.2
309,324.5
290,303.9
271,284.2
259,273.3
248,253.7
250,254.8
270,282.2
294,306.4
300,311.7
289,296.7
277,284.1
273,284.2
304,311.7
331,326.2
335,327.7
340,328.0
318,314.3
341,330.6
340,332.7
337,331.2
343,342.2
350,353.7
346,354.5
328,335.8
310,322.6
292,300.7
274,280.4
267,268.7
254,257.0
258,260.1
280,288.1
306,311.4
316,317.8
306,300.0
294,291.5
281,289.4
301,311.1
321,337.7
327,339.2
333,338.0
314,316.0
341,333.2
333,333.2
327,335.6
333,344.1
348,358.8
345,351.5
330,337.8
314,320.0
295,298.7
278,279.7
271,269.4
260,268.9
264,272.4
286,305.9
314,324.6
321,324.9
309,316.6
297,309.6
288,308.4
312,317.0
317,334.6
324,334.2
327,333.9
306,325.7
330,338.1
330,337.6
330,337.6
336,349.2
351,365.4
350,366.6
333,352.3
318,340.6
298,314.3
283,300.2
272,289.1
260,269.1
264,273.2
285,302.9
312,322.4
318,323.1
307,314.9
293,307.1
289,306.0
323,320.3
343,339.9
346,338.7
352,340.2
327,328.3
352,341.2
352,342.5
350,342.2
357,363.5
361,373.1
352,380.7
336,366.6
318,349.6
299,315.0
281,300.6
268,288.6
258,271.8
261,278.9
280,303.1
302,323.0
309,323.8
293,315.3
270,301.5
270,301.2
294,295.8
313,302.2
317,308.3
317,307.0
308,307.0
318,309.8
315,310.1
314,308.1
320,313.2
324,314.9
318,314.8
306,311.2
292,300.3
276,278.2
258,267.8
248,259.7
239,250.9
243,252.5
265,282.4
289,300.0
291,302.1
270,285.9
242,246.2
230,239.2
238,253.7
251,264.1
259,267.9
256,274.0
261,271.3
258,271.4
258,269.3
253,269.5
261,275.2
288,299.4
295,306.8
287,307.8
276,297.7
262,283.1
249,255.7
242,250.6
235,238.6
241,238.6
265,279.9
291,298.2
299,306.0
284,295.2
273,283.0
268,282.0
290,313.1
312,329.0
318,332.7
324,331.6
307,326.2
326,328.1
333,330.9
333,331.9
334,349.1
345,366.0
342,367.2
325,347.7
309,347.1
290,311.9
275,304.9
266,290.4
255,263.1
258,266.1
279,297.9
303,320.5
309,321.0
296,313.4
284,301.4
287,301.4
319,324.6
339,340.5
343,342.5
345,344.3
323,326.9
345,349.5
344,348.1
344,347.9
352,357.8
357,371.5
348,371.5
332,359.3
316,343.2
295,318.0
279,298.5
270,289.2
257,261.6
259,261.9
282,299.5
306,317.5
310,319.1
297,302.4
285,299.2
287,297.1
321,306.4
345,340.0
347,338.6
350,333.6
329,325.9
350,335.8
350,335.8
343,339.1
352,353.5
355,356.7
347,362.2
331,353.5
315,326.6
296,312.7
279,292.3
270,284.0
259,269.3
261,273.1
283,300.2
307,323.7
312,325.1
301,315.1
288,306.1
280,305.3
308,351.7
327,370.2
337,362.5
339,362.3
320,348.8
341,360.9
335,365.8
335,364.3
343,376.4
352,382.8
347,389.6
331,380.3
316,362.1
296,316.8
280,303.5
271,293.9
259,274.5
263,280.2
285,303.0
309,320.1
316,321.7
306,314.9
295,303.7
287,303.3
307,354.6
309,362.1
313,362.1
323,362.2
305,356.1
331,364.8
336,364.2
331,364.3
333,384.5
343,391.7
342,393.3
327,383.6
312,370.7
294,323.3
279,304.9
269,295.3
258,273.4
261,280.2
285,305.1
309,320.5
313,322.1
296,313.3
276,299.9
270,299.2
285,288.5
295,298.7
294,304.0
298,304.1
292,304.1
305,305.9
306,306.4
300,306.4
305,309.0
321,313.4
321,315.9
309,311.3
296,302.0
279,275.7
261,261.5
251,254.5
243,239.8
249,240.8
272,275.5
294,290.7
298,293.6
280,275.1
251,248.2
236,244.9
235,249.2
242,260.4
247,264.1
248,264.4
247,267.7
251,269.7
248,269.1
252,270.0
262,276.7
288,301.5
292,302.0
286,300.6
276,293.6
262,275.5
246,251.1
240,242.1
232,233.9
239,234.9
261,278.5
285,297.7
290,298.8
274,290.7
253,281.0
252,279.8
273,359.7
290,370.9
295,366.1
296,367.6
289,357.9
297,368.3
293,370.2
293,369.8
301,379.2
322,384.8
324,392.1
314,380.5
300,362.0
283,314.6
266,306.2
255,290.3
248,265.8
255,268.3
276,302.3
300,321.4
305,323.9
292,316.5
280,304.9
282,304.4
310,358.0
327,370.4
330,368.0
333,369.4
317,356.3
338,365.9
339,366.6
337,367.4
345,369.0
355,372.4
351,381.6
336,374.6
319,348.6
299,320.3
282,300.8
273,293.9
261,267.3
266,267.8
289,298.2
313,314.7
320,320.8
309,303.3
298,298.4
302,297.7
337,344.0
355,357.1
355,355.6
356,352.3
336,343.3
353,353.9
354,358.2
353,357.7
364,362.4
371,367.1
364,371.0
349,364.3
332,343.1
309,313.0
286,296.0
273,291.0
261,268.2
268,270.7
291,299.2
313,319.4
318,322.2
308,316.8
300,303.9
303,303.3
336,355.5
355,365.1
356,363.8
356,359.1
334,345.1
357,360.1
352,362.0
351,361.5
364,372.9
382,376.9
383,376.3
369,372.1
353,348.3
330,316.8
309,302.2
297,295.3
284,272.8
292,278.8
316,300.9
336,318.8
338,321.0
330,315.4
332,304.7
338,304.1
363,341.1
365,340.1
368,338.2
364,338.8
336,333.0
356,339.6
363,344.8
362,345.4
372,368.5
392,371.4
394,372.6
379,365.2
361,347.2
338,328.2
316,302.5
301,289.3
288,280.2
295,286.3
316,319.5
335,329.5
335,333.8
320,326.0
303,312.8
301,311.5
327,299.8
329,317.8
331,318.0
336,320.0
319,317.3
332,320.5
326,320.7
330,323.0
343,323.0
359,336.2
358,337.1
350,334.3
337,322.7
319,296.7
295,276.6
284,262.3
278,265.6
288,264.1
312,286.8
330,306.8
328,310.8
309,296.8
287,268.4
277,272.9
280,271.8
284,270.5
280,267.2
277,268.2
280,264.3
278,264.7
277,263.8
281,269.6
297,281.1
331,321.3
338,330.7
331,326.4
325,319.1
308,296.0
286,281.0
274,270.4
267,285.4
279,291.5
303,314.5
325,328.6
329,326.9
322,326.3
324,327.8
322,328.6
342,354.9
351,368.1
343,368.2
341,368.8
321,365.7
341,371.0
342,371.3
343,370.8
349,383.7
367,388.6
372,383.0
359,376.8
345,355.1
325,347.9
305,318.1
293,312.4
283,281.6
291,293.3
314,313.5
334,328.9
336,328.8
326,315.9
326,316.7
325,318.0
343,361.1
348,378.5
344,378.2
353,376.8
339,367.6
355,370.0
351,369.4
348,368.8
356,378.6
376,387.7
378,387.1
364,378.7
349,365.5
328,334.3
307,314.8
294,312.7
285,290.8
293,301.8
317,324.6
337,341.9
340,341.2
331,331.7
330,331.9
330,334.9
347,354.7
354,363.1
345,359.5
344,357.5
326,353.4
351,363.0
351,366.6
353,366.6
368,390.9
378,397.1
374,398.1
357,378.2
340,364.0
318,336.8
302,313.6
291,303.1
282,319.4
291,326.1
315,334.6
333,344.4
332,342.6
315,338.6
304,343.0
310,345.5
346,356.7
365,367.1
367,359.9
365,354.3
340,346.9
359,351.1
364,354.0
364,354.5
377,368.4
395,382.0
394,383.4
378,376.8
361,371.2
339,341.9
319,331.5
305,320.1
295,315.2
302,324.2
324,335.6
343,346.7
346,345.5
337,342.2
340,339.9
344,342.2
370,371.3
382,377.0
387,372.9
379,368.3
355,361.1
375,363.6
377,367.1
373,365.3
388,375.6
404,383.5
401,392.1
385,380.5
368,368.6
346,338.5
319,335.8
304,323.2
294,305.5
300,314.2
321,328.4
338,338.5
343,336.5
330,328.8
317,331.2
321,332.1
347,315.5
356,324.1
340,325.7
334,323.6
315,317.2
329,316.7
322,315.4
321,315.8
338,325.2
356,331.1
357,340.4
346,338.3
333,337.7
315,305.6
292,281.5
281,274.2
276,291.8
287,294.7
309,317.0
327,322.3
326,322.3
308,306.0
283,273.9
277,268.4
289,273.2
296,273.5
285,267.0
283,270.7
282,267.2
281,267.0
281,266.2
286,267.9
302,274.4
332,317.7
337,326.6
329,325.3
319,317.5
306,296.0
285,266.9
274,263.5
268,298.7
279,306.5
304,329.0
324,337.9
327,336.2
318,327.7
323,326.9
327,330.5
345,385.7
351,383.5
350,383.2
351,381.7
326,382.0
345,375.7
348,369.9
349,371.3
356,387.4
377,394.2
381,399.5
368,386.7
354,376.2
333,351.9
316,326.3
302,324.1
293,310.0
302,311.9
328,330.8
345,337.9
348,337.4
334,325.9
336,333.3
339,335.6
360,368.6
365,373.3
358,374.0
355,372.7
341,368.1
354,372.8
356,372.0
353,373.3
365,387.3
386,395.9
389,397.6
374,384.1
359,367.7
337,336.8
314,319.9
302,311.3
295,309.6
306,316.7
331,332.7
347,346.2
351,344.7
339,338.8
339,337.9
340,340.2
360,363.1
363,372.2
354,371.2
351,368.5
326,365.7
342,372.3
344,375.2
346,375.2
359,392.2
382,399.0
382,399.2
369,378.6
353,367.2
332,340.1
309,316.4
294,298.8
282,320.1
297,319.9
322,340.5
338,350.0
339,349.0
326,348.4
324,346.4
328,348.4
364,380.7
380,388.4
380,388.9
379,378.2
359,371.4
380,376.8
379,379.8
377,378.0
387,384.3
393,387.8
385,397.5
368,390.6
350,377.4
327,353.7
307,333.3
295,323.4
288,299.4
296,305.1
317,334.2
331,340.7
330,341.2
313,327.3
305,323.2
310,323.1
336,372.2
355,379.0
357,377.9
353,370.4
330,359.9
350,364.8
350,365.9
350,368.1
359,380.1
370,388.7
366,388.8
352,384.5
336,367.7
317,345.8
298,333.5
286,329.0
277,309.1
289,312.5
316,332.0
333,339.2
333,336.0
317,324.8
302,323.6
300,327.2
318,309.1
322,311.3
319,313.6
327,310.9
315,301.2
316,305.9
316,305.2
313,301.5
323,308.8
342,331.4
343,337.1
333,337.0
320,331.2
303,315.3
284,293.1
274,286.5
266,296.4
274,297.6
295,323.2
318,330.4
321,329.2
302,301.2
278,281.3
269,273.8
281,276.9
288,278.3
282,275.5
284,276.7
277,278.1
275,276.5
272,275.4
277,274.8
286,281.5
316,315.6
325,325.8
328,324.3
320,322.3
304,297.0
286,276.7
275,272.7
269,287.6
280,290.4
305,314.6
323,329.4
327,328.1
318,319.7
319,312.5
323,314.4
345,355.9
347,369.3
341,368.2
345,368.4
319,366.1
346,369.4
349,370.8
348,372.9
355,386.8
372,395.0
374,393.1
360,385.8
345,362.6
324,340.4
300,316.3
287,304.0
278,301.3
292,307.6
317,324.8
336,336.1
338,335.1
325,335.0
323,331.8
326,334.8
350,362.5
368,371.7
361,369.2
362,369.5
346,359.2
370,370.9
372,369.3
369,367.9
379,374.2
386,394.6
382,398.0
365,378.5
348,365.1
326,343.6
307,315.3
296,305.5
284,311.9
293,315.7
316,341.8
335,347.4
337,349.4
320,349.0
317,344.4
321,345.5
350,358.4
363,360.9
368,359.9
372,354.6
353,342.2
376,351.3
369,355.7
365,357.4
379,369.0
396,396.3
396,396.1
382,377.1
365,361.9
342,335.3
322,309.2
310,302.0
299,316.2
307,316.6
331,332.9
349,344.6
353,342.7
346,339.0
352,343.6
354,346.8
383,368.1
389,368.3
383,367.6
377,358.8
349,351.5
370,358.0
379,361.5
383,361.2
401,368.9
425,381.0
428,381.5
413,375.2
395,369.2
372,350.4
349,334.0
337,318.8
327,318.0
335,318.2
358,341.6
368,349.0
366,348.2
359,344.6
370,334.1
376,336.5
396,377.0
397,381.6
390,388.4
390,386.4
360,372.4
378,376.2
377,384.3
376,383.3
389,395.2
411,398.9
414,402.9
398,397.3
382,377.2
359,335.8
339,334.6
328,327.9
319,302.3
328,304.5
349,333.4
362,339.5
358,337.7
342,325.8
333,312.1
342,311.0
368,338.8
364,332.3
349,326.2
347,326.9
328,318.7
347,324.7
344,325.3
341,327.9
351,331.6
372,357.2
374,357.4
366,351.5
358,339.0
345,317.7
323,284.3
314,278.8
309,321.7
321,329.3
343,346.9
354,347.2
348,339.5
328,309.1
310,290.3
308,290.3
318,297.4
315,306.9
296,307.6
287,303.6
283,303.2
288,304.8
292,305.0
295,308.2
311,319.8
344,346.9
349,356.3
343,356.6
335,346.9
317,351.9
296,316.8
284,311.3
278,307.9
290,324.2
315,330.1
330,337.1
328,335.6
316,330.9
317,331.7
335,341.6
380,374.6
397,380.6
388,375.6
381,364.1
362,355.5
373,357.3
372,358.7
371,358.9
379,359.5
392,367.9
392,393.8
375,392.5
359,380.8
337,357.5
313,332.1
298,320.7
292,305.6
304,310.0
330,336.6
344,342.9
344,340.0
334,329.0
337,329.2
342,330.6
362,393.2
363,389.9
352,390.4
350,389.1
329,376.9
348,384.7
350,388.1
350,387.3
357,394.2
376,404.3
378,408.9
364,399.8
351,386.4
331,345.3
310,324.4
301,316.1
292,308.1
303,310.2
327,337.6
341,343.4
337,342.0
317,332.8
299,336.2
304,341.7
339,373.9
354,383.4
355,386.0
353,384.8
345,377.1
356,376.0
355,384.2
352,383.9
362,399.5
373,404.4
369,407.3
356,393.5
342,379.4
325,345.8
302,332.1
289,324.2
280,318.7
290,320.6
316,348.4
330,355.6
331,354.3
317,339.2
314,330.2
320,335.0
347,361.0
348,385.4
341,387.4
340,387.0
319,382.3
340,381.7
344,385.4
340,383.5
346,388.5
362,383.8
362,391.1
349,377.8
335,357.6
318,340.2
296,330.9
284,329.3
279,306.9
292,313.5
315,330.8
329,336.9
329,337.2
315,331.5
311,330.4
317,331.0
349,363.8
353,360.3
346,363.7
349,359.0
333,348.4
341,349.6
347,360.7
345,359.6
355,364.7
372,375.2
373,379.7
361,375.0
347,349.8
329,351.8
310,327.5
300,323.5
295,306.9
304,309.4
326,331.0
338,339.0
337,338.8
323,324.3
314,324.0
317,331.6
340,323.2
340,324.2
333,321.4
328,322.1
310,317.2
326,317.8
325,314.9
323,314.4
335,315.3
358,320.0
360,328.3
351,333.7
337,329.3
317,306.0
296,290.3
285,285.7
278,297.7
291,294.5
313,316.4
326,320.2
323,319.4
304,298.3
281,272.1
276,265.9
289,271.4
286,277.2
278,281.5
275,279.2
273,284.1
273,283.1
271,283.2
275,282.5
291,280.2
328,316.9
338,327.0
334,322.0
324,313.2
304,293.5
285,268.3
276,258.1
271,301.0
284,309.5
308,330.6
322,339.6
322,339.3
308,335.3
304,331.2
311,331.7
336,363.4
337,376.0
323,378.0
316,373.8
295,369.8
305,374.6
311,373.3
312,375.8
324,381.5
348,392.8
353,397.1
346,387.9
337,374.9
322,351.5
301,334.4
292,329.7
288,308.6
301,309.8
323,332.7
334,338.7
330,338.0
312,330.2
296,336.9
301,344.9
321,374.7
315,385.4
309,388.2
303,387.1
296,384.8
296,379.5
290,378.9
294,377.2
307,390.4
338,405.0
350,405.2
346,396.7
340,376.7
328,346.6
308,321.6
302,314.7
302,314.4
314,317.3
331,340.8
330,347.4
322,345.5
303,340.1
292,341.2
296,345.7
311,361.7
297,372.8
284,372.0
280,367.0
274,367.8
268,370.5
268,373.1
277,374.9
290,393.5
328,401.3
346,401.7
343,378.2
336,366.1
323,340.6
303,314.5
300,303.8
300,322.6
309,324.1
326,337.0
330,344.3
320,343.9
292,342.0
274,344.8
274,349.7
286,370.9
276,377.8
270,379.5
269,378.0
270,376.9
272,377.6
271,378.2
274,379.2
291,398.6
327,407.0
332,407.0
327,391.5
323,376.1
309,339.7
297,321.6
302,318.4
299,323.1
311,326.9
327,343.5
332,344.5
326,342.8
304,312.4
279,307.5
270,301.8
274,352.1
263,344.2
247,334.7
240,332.8
238,332.2
234,332.6
235,323.9
240,326.6
252,328.0
285,369.2
299,373.8
299,371.7
304,365.5
300,339.1
288,336.5
288,323.8
289,318.3
298,323.5
316,341.8
320,341.3
311,337.4
290,313.9
264,311.3
261,316.8
284,326.8
284,329.9
270,328.9
259,333.4
254,326.6
250,324.6
249,324.6
247,324.6
264,326.2
297,325.6
305,336.1
301,337.9
293,334.3
283,316.8
268,298.2
262,293.8
264,310.0
276,317.8
297,331.9
306,332.6
301,334.3
279,294.7
254,271.8
247,268.7
265,302.2
264,298.1
247,285.6
247,282.7
249,278.4
234,276.0
240,276.1
243,276.3
258,285.0
292,333.4
302,337.8
298,337.0
293,333.5
281,316.5
265,302.1
259,298.0
255,316.2
270,322.7
301,336.7
313,336.7
311,333.5
294,310.3
288,307.6
295,312.0
315,368.5
311,352.5
303,353.0
300,352.7
288,345.3
294,342.4
292,342.7
290,342.4
301,346.4
326,361.7
333,365.2
326,367.1
315,363.5
299,334.2
278,336.1
267,310.8
263,319.0
278,320.6
302,326.6
314,328.8
312,326.9
298,303.0
298,307.0
311,308.3
352,378.0
372,360.9
380,359.5
375,357.7
361,350.6
374,356.0
379,350.7
377,350.7
385,354.7
395,367.2
395,374.7
382,373.7
364,365.7
335,344.9
308,361.9
295,344.0
